{
 "1": {
  "mu_nd": 0,
  "mu_r0": 0.028999999999999998,
  "mu_s": 0,
  "sigma_nd": 0,
  "sigma_r0": 0.005,
  "sigma_s": 3.0,
  "T": 14.100000000000001,
  "V": 0.161
 },
 "2": {
  "mu_nd": 0,
  "mu_r0": 0.03,
  "mu_s": 0,
  "sigma_nd": 0,
  "sigma_r0": 0.006,
  "sigma_s": 0.5,
  "T": 7.0,
  "V": 0.15
 },
 "3": {
  "mu_nd": 0,
  "mu_r0": 0.020999999999999998,
  "mu_s": 0,
  "sigma_nd": 0,
  "sigma_r0": 0.008,
  "sigma_s": 0.5,
  "T": 5.7,
  "V": 0.16599999999999998
 },
 "4": {
  "mu_nd": 0,
  "mu_r0": 0.013000000000000001,
  "mu_s": 0,
  "sigma_nd": 0,
  "sigma_r0": 0.001,
  "sigma_s": 0.4,
  "T": 23.5,
  "V": 0.22899999999999998
 },
 "5": {
  "mu_nd": 0,
  "mu_r0": 0.03,
  "mu_s": 0,
  "sigma_nd": 0,
  "sigma_r0": 0.001,
  "sigma_s": 0.4,
  "T": 10.600000000000001,
  "V": 0.152
 },
 "6": {
  "mu_nd": 0,
  "mu_r0": 0.015,
  "mu_s": 0,
  "sigma_nd": 0,
  "sigma_r0": 0.009000000000000001,
  "sigma_s": 0.1,
  "T": 7.2,
  "V": 0.25
 },
 "7": {
  "mu_nd": 0,
  "mu_r0": 0.03,
  "mu_s": 0,
  "sigma_nd": 0,
  "sigma_r0": 0.001,
  "sigma_s": 2.0,
  "T": 9.6,
  "V": 0.155
 },
 "9": {
  "mu_nd": 0,
  "mu_r0": 0.03,
  "mu_s": 0,
  "sigma_nd": 0,
  "sigma_r0": 0.005,
  "sigma_s": 1.6,
  "T": 9.3,
  "V": 0.156
 },
 "10": {
  "mu_nd": 0,
  "mu_r0": 0.015,
  "mu_s": 0,
  "sigma_nd": 0,
  "sigma_r0": 0.01,
  "sigma_s": 0.6,
  "T": 19.0,
  "V": 0.28500000000000003
 },
 "11": {
  "mu_nd": 0,
  "mu_r0": 0.026000000000000002,
  "mu_s": 0,
  "sigma_nd": 0,
  "sigma_r0": 0.004,
  "sigma_s": 3.0,
  "T": 7.800000000000001,
  "V": 0.15
 },
 "13": {
  "mu_nd": 0,
  "mu_r0": 0.028000000000000004,
  "mu_s": 0,
  "sigma_nd": 0,
  "sigma_r0": 0.001,
  "sigma_s": 1.0,
  "T": 8.5,
  "V": 0.155
 },
 "14": {
  "mu_nd": 0,
  "mu_r0": 0.03,
  "mu_s": 0,
  "sigma_nd": 0,
  "sigma_r0": 0.001,
  "sigma_s": 0.4,
  "T": 12.700000000000001,
  "V": 0.155
 },
 "20": {
  "mu_nd": 0,
  "mu_r0": 0.028000000000000004,
  "mu_s": 0,
  "sigma_nd": 0,
  "sigma_r0": 0.004,
  "sigma_s": 2.9000000000000004,
  "T": 13.8,
  "V": 0.154
 },
 "21": {
  "mu_nd": 0,
  "mu_r0": 0.03,
  "mu_s": 0,
  "sigma_nd": 0,
  "sigma_r0": 0.002,
  "sigma_s": 1.5000000000000002,
  "T": 15.600000000000001,
  "V": 0.155
 },
 "22": {
  "mu_nd": 0,
  "mu_r0": 0.03,
  "mu_s": 0,
  "sigma_nd": 0,
  "sigma_r0": 0.001,
  "sigma_s": 2.6,
  "T": 15.8,
  "V": 0.164
 },
 "23": {
  "mu_nd": 0,
  "mu_r0": 0.012,
  "mu_s": 0,
  "sigma_nd": 0,
  "sigma_r0": 0.005,
  "sigma_s": 0.2,
  "T": 7.800000000000001,
  "V": 0.259
 },
 "24": {
  "mu_nd": 0,
  "mu_r0": 0.028999999999999998,
  "mu_s": 0,
  "sigma_nd": 0,
  "sigma_r0": 0.001,
  "sigma_s": 0.4,
  "T": 8.9,
  "V": 0.15
 },
 "25": {
  "mu_nd": 0,
  "mu_r0": 0.03,
  "mu_s": 0,
  "sigma_nd": 0,
  "sigma_r0": 0.003,
  "sigma_s": 0.2,
  "T": 9.700000000000001,
  "V": 0.16
 },
 "26": {
  "mu_nd": 0,
  "mu_r0": 0.03,
  "mu_s": 0,
  "sigma_nd": 0,
  "sigma_r0": 0.001,
  "sigma_s": 0.2,
  "T": 13.3,
  "V": 0.15
 },
 "27": {
  "mu_nd": 0,
  "mu_r0": 0.012,
  "mu_s": 0,
  "sigma_nd": 0,
  "sigma_r0": 0.01,
  "sigma_s": 0.6,
  "T": 8.4,
  "V": 0.264
 },
 "28": {
  "mu_nd": 0,
  "mu_r0": 0.03,
  "mu_s": 0,
  "sigma_nd": 0,
  "sigma_r0": 0.001,
  "sigma_s": 0.30000000000000004,
  "T": 9.200000000000001,
  "V": 0.15
 },
 "29": {
  "mu_nd": 0,
  "mu_r0": 0.03,
  "mu_s": 0,
  "sigma_nd": 0,
  "sigma_r0": 0.001,
  "sigma_s": 0.2,
  "T": 10.3,
  "V": 0.15
 },
 "30": {
  "mu_nd": 0,
  "mu_r0": 0.03,
  "mu_s": 0,
  "sigma_nd": 0,
  "sigma_r0": 0.001,
  "sigma_s": 1.9000000000000001,
  "T": 14.200000000000001,
  "V": 0.15
 },
 "31": {
  "mu_nd": 0,
  "mu_r0": 0.028999999999999998,
  "mu_s": 0,
  "sigma_nd": 0,
  "sigma_r0": 0.008,
  "sigma_s": 0.1,
  "T": 2.7,
  "V": 0.161
 },
 "32": {
  "mu_nd": 0,
  "mu_r0": 0.014,
  "mu_s": 0,
  "sigma_nd": 0,
  "sigma_r0": 0.005,
  "sigma_s": 0.4,
  "T": 5.3,
  "V": 0.279
 },
 "33": {
  "mu_nd": 0,
  "mu_r0": 0.016,
  "mu_s": 0,
  "sigma_nd": 0,
  "sigma_r0": 0.01,
  "sigma_s": 0.7000000000000001,
  "T": 14.5,
  "V": 0.23199999999999998
 },
 "34": {
  "mu_nd": 0,
  "mu_r0": 0.03,
  "mu_s": 0,
  "sigma_nd": 0,
  "sigma_r0": 0.001,
  "sigma_s": 1.7000000000000002,
  "T": 13.5,
  "V": 0.153
 },
 "35": {
  "mu_nd": 0,
  "mu_r0": 0.014,
  "mu_s": 0,
  "sigma_nd": 0,
  "sigma_r0": 0.003,
  "sigma_s": 1.9000000000000001,
  "T": 19.3,
  "V": 0.198
 },
 "36": {
  "mu_nd": 0,
  "mu_r0": 0.03,
  "mu_s": 0,
  "sigma_nd": 0,
  "sigma_r0": 0.001,
  "sigma_s": 1.9000000000000001,
  "T": 13.5,
  "V": 0.155
 },
 "37": {
  "mu_nd": 0,
  "mu_r0": 0.03,
  "mu_s": 0,
  "sigma_nd": 0,
  "sigma_r0": 0.006,
  "sigma_s": 1.1,
  "T": 16.0,
  "V": 0.15
 },
 "38": {
  "mu_nd": 0,
  "mu_r0": 0.03,
  "mu_s": 0,
  "sigma_nd": 0,
  "sigma_r0": 0.004,
  "sigma_s": 2.4000000000000004,
  "T": 9.8,
  "V": 0.235
 },
 "39": {
  "mu_nd": 0,
  "mu_r0": 0.028000000000000004,
  "mu_s": 0,
  "sigma_nd": 0,
  "sigma_r0": 0.001,
  "sigma_s": 1.0,
  "T": 10.3,
  "V": 0.246
 },
 "40": {
  "mu_nd": 0,
  "mu_r0": 0.03,
  "mu_s": 0,
  "sigma_nd": 0,
  "sigma_r0": 0.001,
  "sigma_s": 0.5,
  "T": 11.5,
  "V": 0.15
 },
 "41": {
  "mu_nd": 0,
  "mu_r0": 0.028999999999999998,
  "mu_s": 0,
  "sigma_nd": 0,
  "sigma_r0": 0.003,
  "sigma_s": 1.2000000000000002,
  "T": 14.5,
  "V": 0.15
 },
 "42": {
  "mu_nd": 0,
  "mu_r0": 0.028999999999999998,
  "mu_s": 0,
  "sigma_nd": 0,
  "sigma_r0": 0.002,
  "sigma_s": 0.6,
  "T": 12.200000000000001,
  "V": 0.15
 },
 "43": {
  "mu_nd": 0,
  "mu_r0": 0.012,
  "mu_s": 0,
  "sigma_nd": 0,
  "sigma_r0": 0.005,
  "sigma_s": 1.3000000000000003,
  "T": 10.0,
  "V": 0.2
 },
 "44": {
  "mu_nd": 0,
  "mu_r0": 0.023,
  "mu_s": 0,
  "sigma_nd": 0,
  "sigma_r0": 0.007,
  "sigma_s": 2.9000000000000004,
  "T": 12.9,
  "V": 0.27
 },
 "45": {
  "mu_nd": 0,
  "mu_r0": 0.022,
  "mu_s": 0,
  "sigma_nd": 0,
  "sigma_r0": 0.007,
  "sigma_s": 2.0,
  "T": 7.300000000000001,
  "V": 0.16999999999999998
 },
 "46": {
  "mu_nd": 0,
  "mu_r0": 0.025,
  "mu_s": 0,
  "sigma_nd": 0,
  "sigma_r0": 0.006,
  "sigma_s": 1.2000000000000002,
  "T": 15.100000000000001,
  "V": 0.29000000000000004
 },
 "47": {
  "mu_nd": 0,
  "mu_r0": 0.03,
  "mu_s": 0,
  "sigma_nd": 0,
  "sigma_r0": 0.009000000000000001,
  "sigma_s": 0.1,
  "T": 7.6000000000000005,
  "V": 0.15
 },
 "48": {
  "mu_nd": 0,
  "mu_r0": 0.016,
  "mu_s": 0,
  "sigma_nd": 0,
  "sigma_r0": 0.01,
  "sigma_s": 0.8,
  "T": 15.3,
  "V": 0.248
 },
 "49": {
  "mu_nd": 0,
  "mu_r0": 0.03,
  "mu_s": 0,
  "sigma_nd": 0,
  "sigma_r0": 0.001,
  "sigma_s": 1.4000000000000001,
  "T": 13.5,
  "V": 0.15
 },
 "50": {
  "mu_nd": 0,
  "mu_r0": 0.03,
  "mu_s": 0,
  "sigma_nd": 0,
  "sigma_r0": 0.001,
  "sigma_s": 0.8,
  "T": 14.3,
  "V": 0.154
 },
 "51": {
  "mu_nd": 0,
  "mu_r0": 0.03,
  "mu_s": 0,
  "sigma_nd": 0,
  "sigma_r0": 0.001,
  "sigma_s": 0.2,
  "T": 9.200000000000001,
  "V": 0.15
 },
 "52": {
  "mu_nd": 0,
  "mu_r0": 0.03,
  "mu_s": 0,
  "sigma_nd": 0,
  "sigma_r0": 0.003,
  "sigma_s": 1.4000000000000001,
  "T": 8.3,
  "V": 0.15
 },
 "53": {
  "mu_nd": 0,
  "mu_r0": 0.03,
  "mu_s": 0,
  "sigma_nd": 0,
  "sigma_r0": 0.001,
  "sigma_s": 2.6,
  "T": 15.100000000000001,
  "V": 0.15
 },
 "54": {
  "mu_nd": 0,
  "mu_r0": 0.03,
  "mu_s": 0,
  "sigma_nd": 0,
  "sigma_r0": 0.001,
  "sigma_s": 1.9000000000000001,
  "T": 13.5,
  "V": 0.15
 },
 "55": {
  "mu_nd": 0,
  "mu_r0": 0.03,
  "mu_s": 0,
  "sigma_nd": 0,
  "sigma_r0": 0.001,
  "sigma_s": 1.9000000000000001,
  "T": 13.200000000000001,
  "V": 0.15
 },
 "56": {
  "mu_nd": 0,
  "mu_r0": 0.03,
  "mu_s": 0,
  "sigma_nd": 0,
  "sigma_r0": 0.001,
  "sigma_s": 2.9000000000000004,
  "T": 12.5,
  "V": 0.15
 },
 "57": {
  "mu_nd": 0,
  "mu_r0": 0.01,
  "mu_s": 0,
  "sigma_nd": 0,
  "sigma_r0": 0.002,
  "sigma_s": 0.2,
  "T": 10.0,
  "V": 0.258
 },
 "58": {
  "mu_nd": 0,
  "mu_r0": 0.018000000000000002,
  "mu_s": 0,
  "sigma_nd": 0,
  "sigma_r0": 0.004,
  "sigma_s": 0.1,
  "T": 9.5,
  "V": 0.3
 },
 "59": {
  "mu_nd": 0,
  "mu_r0": 0.03,
  "mu_s": 0,
  "sigma_nd": 0,
  "sigma_r0": 0.001,
  "sigma_s": 1.6,
  "T": 7.7,
  "V": 0.15
 },