{
 "1": {
  "ramp": 2.17,
  "relative": 0.3,
  "threshold": 0.79
 },
 "2": {
  "ramp": 2.04,
  "relative": 0.36000000000000004,
  "threshold": 0.31
 },
 "3": {
  "ramp": 2.25,
  "relative": 0.59,
  "threshold": 0.3
 },
 "4": {
  "ramp": 1.95,
  "relative": 0.78,
  "threshold": 0.73
 },
 "5": {
  "ramp": 1.76,
  "relative": 0.5700000000000001,
  "threshold": 0.4
 },
 "6": {
  "ramp": 1.59,
  "relative": 0.88,
  "threshold": 0.15000000000000002
 },
 "7": {
  "ramp": 1.1600000000000001,
  "relative": 0.78,
  "threshold": 0.21000000000000002
 },
 "9": {
  "ramp": 2.1,
  "relative": 0.17,
  "threshold": 0.56
 },
 "10": {
  "ramp": 0.73,
  "relative": 0.25,
  "threshold": 0.33
 },
 "11": {
  "ramp": 2.46,
  "relative": 0.87,
  "threshold": 0.33
 },
 "13": {
  "ramp": 2.13,
  "relative": 0.54,
  "threshold": 0.37
 },
 "14": {
  "ramp": 0.9299999999999999,
  "relative": 0.39,
  "threshold": 0.29000000000000004
 },
 "20": {
  "ramp": 1.23,
  "relative": 0.59,
  "threshold": 0.39
 },
 "21": {
  "ramp": 1.27,
  "relative": 0.15000000000000002,
  "threshold": 0.61
 },
 "22": {
  "ramp": 1.76,
  "relative": 0.03,
  "threshold": 0.8400000000000001
 },
 "23": {
  "ramp": 1.8900000000000001,
  "relative": 0.74,
  "threshold": 0.19
 },
 "24": {
  "ramp": 2.39,
  "relative": 0.06999999999999999,
  "threshold": 0.45
 },
 "25": {
  "ramp": 1.77,
  "relative": 0.64,
  "threshold": 0.36000000000000004
 },
 "26": {
  "ramp": 1.55,
  "relative": 0.31,
  "threshold": 0.51
 },
 "27": {
  "ramp": 2.42,
  "relative": 0.75,
  "threshold": 0.23
 },
 "28": {
  "ramp": 2.5,
  "relative": 0.33,
  "threshold": 0.52
 },
 "29": {
  "ramp": 2.14,
  "relative": 0.63,
  "threshold": 0.44
 },
 "30": {
  "ramp": 1.17,
  "relative": 0.42000000000000004,
  "threshold": 0.42000000000000004
 },
 "31": {
  "ramp": 0.94,
  "relative": 0.34,
  "threshold": 0.01
 },
 "32": {
  "ramp": 0.69,
  "relative": 0.27,
  "threshold": 0.05
 },
 "33": {
  "ramp": 1.1400000000000001,
  "relative": 0.5,
  "threshold": 0.4
 },
 "34": {
  "ramp": 1.4,
  "relative": 0.03,
  "threshold": 0.66
 },
 "35": {
  "ramp": 2.34,
  "relative": 0.86,
  "threshold": 0.7000000000000001
 },
 "36": {
  "ramp": 1.07,
  "relative": 0.49,
  "threshold": 0.35000000000000003
 },
 "37": {
  "ramp": 1.35,
  "relative": 0.12,
  "threshold": 0.67
 },
 "38": {
  "ramp": 1.44,
  "relative": 0.9,
  "threshold": 0.17
 },
 "39": {
  "ramp": 2.5,
  "relative": 0.14,
  "threshold": 0.46
 },
 "40": {
  "ramp": 1.51,
  "relative": 0.23,
  "threshold": 0.5
 },
 "41": {
  "ramp": 1.55,
  "relative": 0.7100000000000001,
  "threshold": 0.46
 },
 "42": {
  "ramp": 1.3,
  "relative": 0.59,
  "threshold": 0.34
 },
 "43": {
  "ramp": 1.4,
  "relative": 0.22,
  "threshold": 0.64
 },
 "44": {
  "ramp": 2.44,
  "relative": 0.8300000000000001,
  "threshold": 0.43
 },
 "45": {
  "ramp": 1.9000000000000001,
  "relative": 0.85,
  "threshold": 0.26
 },
 "46": {
  "ramp": 1.46,
  "relative": 0.36000000000000004,
  "threshold": 0.45
 },
 "47": {
  "ramp": 1.57,
  "relative": 0.6900000000000001,
  "threshold": 0.23
 },
 "48": {
  "ramp": 1.66,
  "relative": 0.05,
  "threshold": 0.77
 },
 "49": {
  "ramp": 1.17,
  "relative": 0.52,
  "threshold": 0.38
 },
 "50": {
  "ramp": 1.69,
  "relative": 0.51,
  "threshold": 0.55
 },
 "51": {
  "ramp": 2.19,
  "relative": 0.17,
  "threshold": 0.54
 },
 "52": {
  "ramp": 1.84,
  "relative": 0.22,
  "threshold": 0.41000000000000003
 },
 "53": {
  "ramp": 1.58,
  "relative": 0.55,
  "threshold": 0.52
 },
 "54": {
  "ramp": 1.13,
  "relative": 0.18000000000000002,
  "threshold": 0.47000000000000003
 },
 "55": {
  "ramp": 0.8400000000000001,
  "relative": 0.7100000000000001,
  "threshold": 0.21000000000000002
 },
 "56": {
  "ramp": 2.0700000000000003,
  "relative": 0.7000000000000001,
  "threshold": 0.51
 },
 "57": {
  "ramp": 2.3200000000000003,
  "relative": 0.66,
  "threshold": 0.42000000000000004
 },
 "58": {
  "ramp": 2.5,
  "relative": 0.66,
  "threshold": 0.26
 },
 "59": {
  "ramp": 1.29,
  "relative": 0.9,
  "threshold": 0.17
 },
 "60": {
  "ramp": 0.89,
  "relative": 0.64,
  "threshold": 0.29000000000000004
 },
 "61": {
  "ramp": 2.12,
  "relative": 0.08,
  "threshold": 0.5700000000000001
 },
 "62": {
  "ramp": 0.96,
  "relative": 0.6900000000000001,
  "threshold": 0.19
 }
}