{
 "1": {
  "mu_nd": 0,
  "mu_r0": 0.028999999999999998,
  "mu_s": 0,
  "sigma_nd": 0,
  "sigma_r0": 0.002,
  "sigma_s": 8.3,
  "T": 20.400000000000002,
  "V": 0.325
 },
 "2": {
  "mu_nd": 0,
  "mu_r0": 0.03,
  "mu_s": 0,
  "sigma_nd": 0,
  "sigma_r0": 0.006,
  "sigma_s": 0.5,
  "T": 7.0,
  "V": 0.15
 },
 "3": {
  "mu_nd": 0,
  "mu_r0": 0.020999999999999998,
  "mu_s": 0,
  "sigma_nd": 0,
  "sigma_r0": 0.008,
  "sigma_s": 0.1,
  "T": 8.2,
  "V": 0.257
 },
 "4": {
  "mu_nd": 0,
  "mu_r0": 0.013000000000000001,
  "mu_s": 0,
  "sigma_nd": 0,
  "sigma_r0": 0.001,
  "sigma_s": 0.4,
  "T": 23.5,
  "V": 0.22899999999999998
 },
 "5": {
  "mu_nd": 0,
  "mu_r0": 0.03,
  "mu_s": 0,
  "sigma_nd": 0,
  "sigma_r0": 0.001,
  "sigma_s": 0.1,
  "T": 10.4,
  "V": 0.15
 },
 "6": {
  "mu_nd": 0,
  "mu_r0": 0.015,
  "mu_s": 0,
  "sigma_nd": 0,
  "sigma_r0": 0.009000000000000001,
  "sigma_s": 0.1,
  "T": 7.2,
  "V": 0.25
 },
 "7": {
  "mu_nd": 0,
  "mu_r0": 0.01,
  "mu_s": 0,
  "sigma_nd": 0,
  "sigma_r0": 0.002,
  "sigma_s": 0.6,
  "T": 15.3,
  "V": 0.365
 },
 "9": {
  "mu_nd": 0,
  "mu_r0": 0.03,
  "mu_s": 0,
  "sigma_nd": 0,
  "sigma_r0": 0.002,
  "sigma_s": 0.6,
  "T": 9.3,
  "V": 0.15
 },
 "10": {
  "mu_nd": 0,
  "mu_r0": 0.015,
  "mu_s": 0,
  "sigma_nd": 0,
  "sigma_r0": 0.01,
  "sigma_s": 0.6,
  "T": 19.0,
  "V": 0.28500000000000003
 },
 "11": {
  "mu_nd": 0,
  "mu_r0": 0.01,
  "mu_s": 0,
  "sigma_nd": 0,
  "sigma_r0": 0.006,
  "sigma_s": 1.4000000000000001,
  "T": 8.0,
  "V": 0.20299999999999999
 },
 "13": {
  "mu_nd": 0,
  "mu_r0": 0.026000000000000002,
  "mu_s": 0,
  "sigma_nd": 0,
  "sigma_r0": 0.001,
  "sigma_s": 1.1,
  "T": 9.700000000000001,
  "V": 0.22699999999999998
 },
 "14": {
  "mu_nd": 0,
  "mu_r0": 0.028999999999999998,
  "mu_s": 0,
  "sigma_nd": 0,
  "sigma_r0": 0.003,
  "sigma_s": 2.3000000000000003,
  "T": 12.100000000000001,
  "V": 0.15
 },
 "20": {
  "mu_nd": 0,
  "mu_r0": 0.028999999999999998,
  "mu_s": 0,
  "sigma_nd": 0,
  "sigma_r0": 0.001,
  "sigma_s": 3.9000000000000004,
  "T": 13.600000000000001,
  "V": 0.15
 },
 "21": {
  "mu_nd": 0,
  "mu_r0": 0.02,
  "mu_s": 0,
  "sigma_nd": 0,
  "sigma_r0": 0.01,
  "sigma_s": 10.1,
  "T": 19.3,
  "V": 0.222
 },
 "22": {
  "mu_nd": 0,
  "mu_r0": 0.03,
  "mu_s": 0,
  "sigma_nd": 0,
  "sigma_r0": 0.001,
  "sigma_s": 13.700000000000001,
  "T": 24.1,
  "V": 0.164
 },
 "23": {
  "mu_nd": 0,
  "mu_r0": 0.024,
  "mu_s": 0,
  "sigma_nd": 0,
  "sigma_r0": 0.002,
  "sigma_s": 0.1,
  "T": 11.700000000000001,
  "V": 0.39
 },
 "24": {
  "mu_nd": 0,
  "mu_r0": 0.03,
  "mu_s": 0,
  "sigma_nd": 0,
  "sigma_r0": 0.01,
  "sigma_s": 0.1,
  "T": 7.6000000000000005,
  "V": 0.15
 },
 "25": {
  "mu_nd": 0,
  "mu_r0": 0.03,
  "mu_s": 0,
  "sigma_nd": 0,
  "sigma_r0": 0.003,
  "sigma_s": 0.2,
  "T": 9.700000000000001,
  "V": 0.16
 },
 "26": {
  "mu_nd": 0,
  "mu_r0": 0.03,
  "mu_s": 0,
  "sigma_nd": 0,
  "sigma_r0": 0.002,
  "sigma_s": 1.7000000000000002,
  "T": 13.0,
  "V": 0.15
 },
 "27": {
  "mu_nd": 0,
  "mu_r0": 0.024,
  "mu_s": 0,
  "sigma_nd": 0,
  "sigma_r0": 0.002,
  "sigma_s": 0.1,
  "T": 11.9,
  "V": 0.395
 },
 "28": {
  "mu_nd": 0,
  "mu_r0": 0.03,
  "mu_s": 0,
  "sigma_nd": 0,
  "sigma_r0": 0.002,
  "sigma_s": 0.9,
  "T": 9.0,
  "V": 0.15
 },
 "29": {
  "mu_nd": 0,
  "mu_r0": 0.03,
  "mu_s": 0,
  "sigma_nd": 0,
  "sigma_r0": 0.001,
  "sigma_s": 0.7000000000000001,
  "T": 10.3,
  "V": 0.15
 },
 "30": {
  "mu_nd": 0,
  "mu_r0": 0.03,
  "mu_s": 0,
  "sigma_nd": 0,
  "sigma_r0": 0.001,
  "sigma_s": 1.7000000000000002,
  "T": 13.4,
  "V": 0.15
 },
 "31": {
  "mu_nd": 0,
  "mu_r0": 0.028999999999999998,
  "mu_s": 0,
  "sigma_nd": 0,
  "sigma_r0": 0.008,
  "sigma_s": 0.1,
  "T": 2.7,
  "V": 0.161
 },
 "32": {
  "mu_nd": 0,
  "mu_r0": 0.014,
  "mu_s": 0,
  "sigma_nd": 0,
  "sigma_r0": 0.005,
  "sigma_s": 0.4,
  "T": 5.3,
  "V": 0.279
 },
 "33": {
  "mu_nd": 0,
  "mu_r0": 0.03,
  "mu_s": 0,
  "sigma_nd": 0,
  "sigma_r0": 0.003,
  "sigma_s": 1.3000000000000003,
  "T": 14.9,
  "V": 0.15
 },
 "34": {
  "mu_nd": 0,
  "mu_r0": 0.03,
  "mu_s": 0,
  "sigma_nd": 0,
  "sigma_r0": 0.001,
  "sigma_s": 1.9000000000000001,
  "T": 13.3,
  "V": 0.15
 },
 "35": {
  "mu_nd": 0,
  "mu_r0": 0.014,
  "mu_s": 0,
  "sigma_nd": 0,
  "sigma_r0": 0.003,
  "sigma_s": 1.9000000000000001,
  "T": 19.3,
  "V": 0.198
 },
 "36": {
  "mu_nd": 0,
  "mu_r0": 0.028999999999999998,
  "mu_s": 0,
  "sigma_nd": 0,
  "sigma_r0": 0.001,
  "sigma_s": 2.0,
  "T": 13.200000000000001,
  "V": 0.155
 },
 "37": {
  "mu_nd": 0,
  "mu_r0": 0.03,
  "mu_s": 0,
  "sigma_nd": 0,
  "sigma_r0": 0.006,
  "sigma_s": 1.1,
  "T": 16.0,
  "V": 0.15
 },
 "38": {
  "mu_nd": 0,
  "mu_r0": 0.011,
  "mu_s": 0,
  "sigma_nd": 0,
  "sigma_r0": 0.006,
  "sigma_s": 0.6,
  "T": 12.4,
  "V": 0.353
 },
 "39": {
  "mu_nd": 0,
  "mu_r0": 0.03,
  "mu_s": 0,
  "sigma_nd": 0,
  "sigma_r0": 0.009000000000000001,
  "sigma_s": 0.6,
  "T": 7.5,
  "V": 0.15
 },
 "40": {
  "mu_nd": 0,
  "mu_r0": 0.03,
  "mu_s": 0,
  "sigma_nd": 0,
  "sigma_r0": 0.001,
  "sigma_s": 0.6,
  "T": 11.4,
  "V": 0.15
 },
 "41": {
  "mu_nd": 0,
  "mu_r0": 0.03,
  "mu_s": 0,
  "sigma_nd": 0,
  "sigma_r0": 0.003,
  "sigma_s": 1.0,
  "T": 14.600000000000001,
  "V": 0.15
 },
 "42": {
  "mu_nd": 0,
  "mu_r0": 0.028999999999999998,
  "mu_s": 0,
  "sigma_nd": 0,
  "sigma_r0": 0.002,
  "sigma_s": 0.6,
  "T": 12.200000000000001,
  "V": 0.15
 },
 "43": {
  "mu_nd": 0,
  "mu_r0": 0.026000000000000002,
  "mu_s": 0,
  "sigma_nd": 0,
  "sigma_r0": 0.001,
  "sigma_s": 21.700000000000003,
  "T": 34.7,
  "V": 0.317
 },
 "44": {
  "mu_nd": 0,
  "mu_r0": 0.014,
  "mu_s": 0,
  "sigma_nd": 0,
  "sigma_r0": 0.009000000000000001,
  "sigma_s": 1.1,
  "T": 15.700000000000001,
  "V": 0.379
 },
 "45": {
  "mu_nd": 0,
  "mu_r0": 0.013000000000000001,
  "mu_s": 0,
  "sigma_nd": 0,
  "sigma_r0": 0.005,
  "sigma_s": 0.1,
  "T": 14.4,
  "V": 0.392
 },
 "46": {
  "mu_nd": 0,
  "mu_r0": 0.03,
  "mu_s": 0,
  "sigma_nd": 0,
  "sigma_r0": 0.001,
  "sigma_s": 0.1,
  "T": 11.8,
  "V": 0.15
 },
 "47": {
  "mu_nd": 0,
  "mu_r0": 0.028999999999999998,
  "mu_s": 0,
  "sigma_nd": 0,
  "sigma_r0": 0.008,
  "sigma_s": 0.1,
  "T": 7.5,
  "V": 0.15
 },
 "48": {
  "mu_nd": 0,
  "mu_r0": 0.03,
  "mu_s": 0,
  "sigma_nd": 0,
  "sigma_r0": 0.001,
  "sigma_s": 0.9,
  "T": 14.3,
  "V": 0.15
 },
 "49": {
  "mu_nd": 0,
  "mu_r0": 0.03,
  "mu_s": 0,
  "sigma_nd": 0,
  "sigma_r0": 0.005,
  "sigma_s": 1.9000000000000001,
  "T": 14.0,
  "V": 0.164
 },
 "50": {
  "mu_nd": 0,
  "mu_r0": 0.03,
  "mu_s": 0,
  "sigma_nd": 0,
  "sigma_r0": 0.001,
  "sigma_s": 1.4000000000000001,
  "T": 13.600000000000001,
  "V": 0.15
 },
 "51": {
  "mu_nd": 0,
  "mu_r0": 0.03,
  "mu_s": 0,
  "sigma_nd": 0,
  "sigma_r0": 0.002,
  "sigma_s": 0.7000000000000001,
  "T": 8.3,
  "V": 0.15
 },
 "52": {
  "mu_nd": 0,
  "mu_r0": 0.03,
  "mu_s": 0,
  "sigma_nd": 0,
  "sigma_r0": 0.01,
  "sigma_s": 0.1,
  "T": 7.5,
  "V": 0.15
 },
 "53": {
  "mu_nd": 0,
  "mu_r0": 0.03,
  "mu_s": 0,
  "sigma_nd": 0,
  "sigma_r0": 0.001,
  "sigma_s": 2.6,
  "T": 15.100000000000001,
  "V": 0.15
 },
 "54": {
  "mu_nd": 0,
  "mu_r0": 0.03,
  "mu_s": 0,
  "sigma_nd": 0,
  "sigma_r0": 0.002,
  "sigma_s": 1.0,
  "T": 14.200000000000001,
  "V": 0.155
 },
 "55": {
  "mu_nd": 0,
  "mu_r0": 0.03,
  "mu_s": 0,
  "sigma_nd": 0,
  "sigma_r0": 0.001,
  "sigma_s": 0.1,
  "T": 12.700000000000001,
  "V": 0.159
 },
 "56": {
  "mu_nd": 0,
  "mu_r0": 0.028000000000000004,
  "mu_s": 0,
  "sigma_nd": 0,
  "sigma_r0": 0.001,
  "sigma_s": 5.3,
  "T": 19.0,
  "V": 0.321
 },
 "57": {
  "mu_nd": 0,
  "mu_r0": 0.01,
  "mu_s": 0,
  "sigma_nd": 0,
  "sigma_r0": 0.001,
  "sigma_s": 1.5000000000000002,
  "T": 14.8,
  "V": 0.38
 },
 "58": {
  "mu_nd": 0,
  "mu_r0": 0.022,
  "mu_s": 0,
  "sigma_nd": 0,
  "sigma_r0": 0.001,
  "sigma_s": 0.1,
  "T": 11.9,
  "V": 0.392
 },
 "59": {
  "mu_nd": 0,
  "mu_r0": 0.013000000000000001,
  "mu_s": 0,
  "sigma_nd": 0,
  "sigma_r0": 0.006,
  "sigma_s": 1.4000000000000001,
  "T": 14.8,
  "V": 0.396
 },
 "60": {
  "mu_nd": 0,
  "mu_r0": 0.03,