{
 "1": {
  "mu_nd": 0,
  "mu_r0": 0.245,
  "mu_s": 0,
  "sigma_nd": 0,
  "sigma_r0": 0.03,
  "sigma_s": 0.53,
  "T": 9.9,
  "V": 0.25
 },
 "2": {
  "mu_nd": 0,
  "mu_r0": 0.247,
  "mu_s": 0,
  "sigma_nd": 0,
  "sigma_r0": 0.04,
  "sigma_s": 0.41000000000000003,
  "T": 3.9000000000000004,
  "V": 0.11
 },
 "3": {
  "mu_nd": 0,
  "mu_r0": 0.23,
  "mu_s": 0,
  "sigma_nd": 0,
  "sigma_r0": 0.06999999999999999,
  "sigma_s": 0.97,
  "T": 4.1,
  "V": 0.25
 },
 "4": {
  "mu_nd": 0,
  "mu_r0": 0.10700000000000001,
  "mu_s": 0,
  "sigma_nd": 0,
  "sigma_r0": 0.08,
  "sigma_s": 0.08,
  "T": 9.6,
  "V": 0.16
 },
 "5": {
  "mu_nd": 0,
  "mu_r0": 0.28400000000000003,
  "mu_s": 0,
  "sigma_nd": 0,
  "sigma_r0": 0.060000000000000005,
  "sigma_s": 0.16,
  "T": 7.5,
  "V": 0.26
 },
 "6": {
  "mu_nd": 0,
  "mu_r0": 0.253,
  "mu_s": 0,
  "sigma_nd": 0,
  "sigma_r0": 0.05,
  "sigma_s": 0.5700000000000001,
  "T": 3.8000000000000003,
  "V": 0.3
 },
 "7": {
  "mu_nd": 0,
  "mu_r0": 0.264,
  "mu_s": 0,
  "sigma_nd": 0,
  "sigma_r0": 0.03,
  "sigma_s": 0.81,
  "T": 7.1000000000000005,
  "V": 0.3
 },
 "9": {
  "mu_nd": 0,
  "mu_r0": 0.257,
  "mu_s": 0,
  "sigma_nd": 0,
  "sigma_r0": 0.05,
  "sigma_s": 0.06999999999999999,
  "T": 6.300000000000001,
  "V": 0.2
 },
 "10": {
  "mu_nd": 0,
  "mu_r0": 0.23600000000000002,
  "mu_s": 0,
  "sigma_nd": 0,
  "sigma_r0": 0.03,
  "sigma_s": 0.09999999999999999,
  "T": 9.5,
  "V": 0.1
 },
 "11": {
  "mu_nd": 0,
  "mu_r0": 0.10400000000000001,
  "mu_s": 0,
  "sigma_nd": 0,
  "sigma_r0": 0.03,
  "sigma_s": 0.46,
  "T": 3.8000000000000003,
  "V": 0.29000000000000004
 },
 "13": {
  "mu_nd": 0,
  "mu_r0": 0.29700000000000004,
  "mu_s": 0,
  "sigma_nd": 0,
  "sigma_r0": 0.09999999999999999,
  "sigma_s": 0.45,
  "T": 6.1000000000000005,
  "V": 0.16
 },
 "14": {
  "mu_nd": 0,
  "mu_r0": 0.21500000000000002,
  "mu_s": 0,
  "sigma_nd": 0,
  "sigma_r0": 0.03,
  "sigma_s": 1.0,
  "T": 7.1000000000000005,
  "V": 0.17
 },
 "20": {
  "mu_nd": 0,
  "mu_r0": 0.26,
  "mu_s": 0,
  "sigma_nd": 0,
  "sigma_r0": 0.03,
  "sigma_s": 0.88,
  "T": 9.8,
  "V": 0.15000000000000002
 },
 "21": {
  "mu_nd": 0,
  "mu_r0": 0.234,
  "mu_s": 0,
  "sigma_nd": 0,
  "sigma_r0": 0.02,
  "sigma_s": 0.54,
  "T": 9.1,
  "V": 0.12000000000000001
 },
 "22": {
  "mu_nd": 0,
  "mu_r0": 0.248,
  "mu_s": 0,
  "sigma_nd": 0,
  "sigma_r0": 0.01,
  "sigma_s": 0.45,
  "T": 9.8,
  "V": 0.1
 },
 "23": {
  "mu_nd": 0,
  "mu_r0": 0.29300000000000004,
  "mu_s": 0,
  "sigma_nd": 0,
  "sigma_r0": 0.08,
  "sigma_s": 0.9600000000000001,
  "T": 4.2,
  "V": 0.2
 },
 "24": {
  "mu_nd": 0,
  "mu_r0": 0.275,
  "mu_s": 0,
  "sigma_nd": 0,
  "sigma_r0": 0.01,
  "sigma_s": 0.79,
  "T": 5.1000000000000005,
  "V": 0.13
 },
 "25": {
  "mu_nd": 0,
  "mu_r0": 0.26,
  "mu_s": 0,
  "sigma_nd": 0,
  "sigma_r0": 0.02,
  "sigma_s": 1.0,
  "T": 6.7,
  "V": 0.25
 },
 "26": {
  "mu_nd": 0,
  "mu_r0": 0.246,
  "mu_s": 0,
  "sigma_nd": 0,
  "sigma_r0": 0.02,
  "sigma_s": 0.33,
  "T": 7.6000000000000005,
  "V": 0.1
 },
 "27": {
  "mu_nd": 0,
  "mu_r0": 0.29600000000000004,
  "mu_s": 0,
  "sigma_nd": 0,
  "sigma_r0": 0.060000000000000005,
  "sigma_s": 0.060000000000000005,
  "T": 4.1,
  "V": 0.1
 },
 "28": {
  "mu_nd": 0,
  "mu_r0": 0.234,
  "mu_s": 0,
  "sigma_nd": 0,
  "sigma_r0": 0.01,
  "sigma_s": 0.98,
  "T": 5.3,
  "V": 0.1
 },
 "29": {
  "mu_nd": 0,
  "mu_r0": 0.28300000000000003,
  "mu_s": 0,
  "sigma_nd": 0,
  "sigma_r0": 0.04,
  "sigma_s": 0.91,
  "T": 7.9,
  "V": 0.27
 },
 "30": {
  "mu_nd": 0,
  "mu_r0": 0.255,
  "mu_s": 0,
  "sigma_nd": 0,
  "sigma_r0": 0.03,
  "sigma_s": 0.01,
  "T": 9.200000000000001,
  "V": 0.12000000000000001
 },
 "31": {
  "mu_nd": 0,
  "mu_r0": 0.29000000000000004,
  "mu_s": 0,
  "sigma_nd": 0,
  "sigma_r0": 0.09999999999999999,
  "sigma_s": 0.02,
  "T": 1.2,
  "V": 0.1
 },
 "32": {
  "mu_nd": 0,
  "mu_r0": 0.21800000000000003,
  "mu_s": 0,
  "sigma_nd": 0,
  "sigma_r0": 0.09999999999999999,
  "sigma_s": 0.05,
  "T": 1.3,
  "V": 0.1
 },
 "33": {
  "mu_nd": 0,
  "mu_r0": 0.25,
  "mu_s": 0,
  "sigma_nd": 0,
  "sigma_r0": 0.04,
  "sigma_s": 0.65,
  "T": 9.3,
  "V": 0.14
 },
 "34": {
  "mu_nd": 0,
  "mu_r0": 0.274,
  "mu_s": 0,
  "sigma_nd": 0,
  "sigma_r0": 0.01,
  "sigma_s": 1.0,
  "T": 9.8,
  "V": 0.17
 },
 "35": {
  "mu_nd": 0,
  "mu_r0": 0.1,
  "mu_s": 0,
  "sigma_nd": 0,
  "sigma_r0": 0.01,
  "sigma_s": 0.91,
  "T": 9.9,
  "V": 0.3
 },
 "36": {
  "mu_nd": 0,
  "mu_r0": 0.259,
  "mu_s": 0,
  "sigma_nd": 0,
  "sigma_r0": 0.060000000000000005,
  "sigma_s": 0.21000000000000002,
  "T": 9.3,
  "V": 0.2
 },
 "37": {
  "mu_nd": 0,
  "mu_r0": 0.231,
  "mu_s": 0,
  "sigma_nd": 0,
  "sigma_r0": 0.02,
  "sigma_s": 0.85,
  "T": 9.5,
  "V": 0.11
 },
 "38": {
  "mu_nd": 0,
  "mu_r0": 0.133,
  "mu_s": 0,
  "sigma_nd": 0,
  "sigma_r0": 0.01,
  "sigma_s": 1.0,
  "T": 3.0,
  "V": 0.15000000000000002
 },
 "39": {
  "mu_nd": 0,
  "mu_r0": 0.279,
  "mu_s": 0,
  "sigma_nd": 0,
  "sigma_r0": 0.02,
  "sigma_s": 0.88,
  "T": 5.0,
  "V": 0.13
 },
 "40": {
  "mu_nd": 0,
  "mu_r0": 0.22,
  "mu_s": 0,
  "sigma_nd": 0,
  "sigma_r0": 0.05,
  "sigma_s": 0.56,
  "T": 6.4,
  "V": 0.17
 },
 "41": {
  "mu_nd": 0,
  "mu_r0": 0.20700000000000002,
  "mu_s": 0,
  "sigma_nd": 0,
  "sigma_r0": 0.01,
  "sigma_s": 0.060000000000000005,
  "T": 8.5,
  "V": 0.24000000000000002
 },
 "42": {
  "mu_nd": 0,
  "mu_r0": 0.28400000000000003,
  "mu_s": 0,
  "sigma_nd": 0,
  "sigma_r0": 0.04,
  "sigma_s": 1.0,
  "T": 9.1,
  "V": 0.18
 },
 "43": {
  "mu_nd": 0,
  "mu_r0": 0.23900000000000002,
  "mu_s": 0,
  "sigma_nd": 0,
  "sigma_r0": 0.02,
  "sigma_s": 0.27,
  "T": 9.6,
  "V": 0.1
 },
 "44": {
  "mu_nd": 0,
  "mu_r0": 0.132,
  "mu_s": 0,
  "sigma_nd": 0,
  "sigma_r0": 0.03,
  "sigma_s": 0.6,
  "T": 4.7,
  "V": 0.29000000000000004
 },
 "45": {
  "mu_nd": 0,
  "mu_r0": 0.186,
  "mu_s": 0,
  "sigma_nd": 0,
  "sigma_r0": 0.05,
  "sigma_s": 1.0,
  "T": 4.5,
  "V": 0.24000000000000002
 },
 "46": {
  "mu_nd": 0,
  "mu_r0": 0.21900000000000003,
  "mu_s": 0,
  "sigma_nd": 0,
  "sigma_r0": 0.02,
  "sigma_s": 1.0,
  "T": 6.6000000000000005,
  "V": 0.14
 },
 "47": {
  "mu_nd": 0,
  "mu_r0": 0.29000000000000004,
  "mu_s": 0,
  "sigma_nd": 0,
  "sigma_r0": 0.01,
  "sigma_s": 0.31,
  "T": 6.2,
  "V": 0.3
 },
 "48": {
  "mu_nd": 0,
  "mu_r0": 0.197,
  "mu_s": 0,
  "sigma_nd": 0,
  "sigma_r0": 0.04,
  "sigma_s": 0.17,
  "T": 7.2,
  "V": 0.13
 },
 "49": {
  "mu_nd": 0,
  "mu_r0": 0.265,
  "mu_s": 0,
  "sigma_nd": 0,
  "sigma_r0": 0.05,
  "sigma_s": 0.05,
  "T": 9.200000000000001,
  "V": 0.16
 },
 "50": {
  "mu_nd": 0,
  "mu_r0": 0.267,
  "mu_s": 0,
  "sigma_nd": 0,
  "sigma_r0": 0.05,
  "sigma_s": 0.19,
  "T": 9.6,
  "V": 0.18
 },
 "51": {
  "mu_nd": 0,
  "mu_r0": 0.257,
  "mu_s": 0,
  "sigma_nd": 0,
  "sigma_r0": 0.04,
  "sigma_s": 0.04,
  "T": 5.7,
  "V": 0.19
 },
 "52": {
  "mu_nd": 0,
  "mu_r0": 0.245,
  "mu_s": 0,
  "sigma_nd": 0,
  "sigma_r0": 0.05,
  "sigma_s": 0.06999999999999999,
  "T": 5.3,
  "V": 0.24000000000000002
 },
 "53": {
  "mu_nd": 0,
  "mu_r0": 0.21700000000000003,
  "mu_s": 0,
  "sigma_nd": 0,
  "sigma_r0": 0.02,
  "sigma_s": 0.17,
  "T": 8.2,
  "V": 0.16
 },
 "54": {
  "mu_nd": 0,
  "mu_r0": 0.272,
  "mu_s": 0,
  "sigma_nd": 0,
  "sigma_r0": 0.02,
  "sigma_s": 0.98,
  "T": 9.8,
  "V": 0.15000000000000002
 },
 "55": {
  "mu_nd": 0,
  "mu_r0": 0.261,
  "mu_s": 0,
  "sigma_nd": 0,
  "sigma_r0": 0.060000000000000005,
  "sigma_s": 0.76,
  "T": 9.1,
  "V": 0.2
 },
 "56": {
  "mu_nd": 0,
  "mu_r0": 0.124,
  "mu_s": 0,
  "sigma_nd": 0,
  "sigma_r0": 0.02,
  "sigma_s": 0.42000000000000004,
  "T": 4.9,
  "V": 0.23
 },
 "57": {
  "mu_nd": 0,
  "mu_r0": 0.23600000000000002,
  "mu_s": 0,
  "sigma_nd": 0,
  "sigma_r0": 0.05,
  "sigma_s": 0.9600000000000001,
  "T": 5.7,
  "V": 0.27
 },
 "58": {
  "mu_nd": 0,
  "mu_r0": 0.25,
  "mu_s": 0,
  "sigma_nd": 0,
  "sigma_r0": 0.08,
  "sigma_s": 1.0,
  "T": 3.7,
  "V": 0.1
 },
 "59": {
  "mu_nd": 0,
  "mu_r0": 0.2,
  "mu_s": 0,
  "sigma_nd": 0,
  "sigma_r0": 0.01,
  "sigma_s": 0.7100000000000001,
  "T": 4.9,