{
 "1": {
  "mu_nd": 6.79,
  "mu_r0": 0.01,
  "mu_s": 0,
  "sigma_nd": 0,
  "sigma_r0": 0.03,
  "sigma_s": 0.01,
  "T": 9.665,
  "V": 0.21000000000000002
 },
 "2": {
  "mu_nd": 5.58,
  "mu_r0": 0.15000000000000002,
  "mu_s": 0,
  "sigma_nd": 0,
  "sigma_r0": 0.18000000000000002,
  "sigma_s": 0.18000000000000002,
  "T": 7.084,
  "V": 0.03
 },
 "3": {
  "mu_nd": 0.77,
  "mu_r0": 0.01,
  "mu_s": 0,
  "sigma_nd": 0,
  "sigma_r0": 0.02,
  "sigma_s": 0.12,
  "T": 8.73,
  "V": 0.29000000000000004
 },
 "4": {
  "mu_nd": 8.45,
  "mu_r0": 0.01,
  "mu_s": 0,
  "sigma_nd": 0,
  "sigma_r0": 0.01,
  "sigma_s": 0.27,
  "T": 9.24,
  "V": 0.13
 },
 "5": {
  "mu_nd": 3.7199999999999998,
  "mu_r0": 0.01,
  "mu_s": 0,
  "sigma_nd": 0,
  "sigma_r0": 0.01,
  "sigma_s": 0.12,
  "T": 4.952999999999999,
  "V": 0.14
 },
 "6": {
  "mu_nd": 1.01,
  "mu_r0": 0.01,
  "mu_s": 0,
  "sigma_nd": 0,
  "sigma_r0": 0.08,
  "sigma_s": 0.25,
  "T": 9.538,
  "V": 0.3
 },
 "7": {
  "mu_nd": 1.98,
  "mu_r0": 0.01,
  "mu_s": 0,
  "sigma_nd": 0,
  "sigma_r0": 0.01,
  "sigma_s": 0.02,
  "T": 6.317,
  "V": 0.16
 },
 "9": {
  "mu_nd": 4.24,
  "mu_r0": 0.02,
  "mu_s": 0,
  "sigma_nd": 0,
  "sigma_r0": 0.01,
  "sigma_s": 0.13,
  "T": 7.518,
  "V": 0.25
 },
 "10": {
  "mu_nd": 12.85,
  "mu_r0": 0.02,
  "mu_s": 0,
  "sigma_nd": 0,
  "sigma_r0": 0.02,
  "sigma_s": 0.03,
  "T": 8.991999999999999,
  "V": 0.3
 },
 "11": {
  "mu_nd": 0.41000000000000003,
  "mu_r0": 0.01,
  "mu_s": 0,
  "sigma_nd": 0,
  "sigma_r0": 0.060000000000000005,
  "sigma_s": 0.02,
  "T": 8.134,
  "V": 0.02
 },
 "13": {
  "mu_nd": 3.1999999999999997,
  "mu_r0": 0.05,
  "mu_s": 0,
  "sigma_nd": 0,
  "sigma_r0": 0.01,
  "sigma_s": 0.2,
  "T": 8.152,
  "V": 0.2
 },
 "14": {
  "mu_nd": 7.22,
  "mu_r0": 0.02,
  "mu_s": 0,
  "sigma_nd": 0,
  "sigma_r0": 0.01,
  "sigma_s": 0.060000000000000005,
  "T": 9.404,
  "V": 0.28
 },
 "20": {
  "mu_nd": 8.94,
  "mu_r0": 0.03,
  "mu_s": 0,
  "sigma_nd": 0,
  "sigma_r0": 0.01,
  "sigma_s": 0.17,
  "T": 6.967,
  "V": 0.12
 },
 "21": {
  "mu_nd": 12.35,
  "mu_r0": 0.03,
  "mu_s": 0,
  "sigma_nd": 0,
  "sigma_r0": 0.05,
  "sigma_s": 0.09999999999999999,
  "T": 9.737,
  "V": 0.28
 },
 "22": {
  "mu_nd": 10.89,
  "mu_r0": 0.05,
  "mu_s": 0,
  "sigma_nd": 0,
  "sigma_r0": 0.02,
  "sigma_s": 0.28,
  "T": 8.993,
  "V": 0.12
 },
 "23": {
  "mu_nd": 2.27,
  "mu_r0": 0.03,
  "mu_s": 0,
  "sigma_nd": 0,
  "sigma_r0": 0.12,
  "sigma_s": 0.23,
  "T": 8.6,
  "V": 0.23
 },
 "24": {
  "mu_nd": 5.88,
  "mu_r0": 0.01,
  "mu_s": 0,
  "sigma_nd": 0,
  "sigma_r0": 0.11,
  "sigma_s": 0.13,
  "T": 5.225,
  "V": 0.15000000000000002
 },
 "25": {
  "mu_nd": 3.2199999999999998,
  "mu_r0": 0.05,
  "mu_s": 0,
  "sigma_nd": 0,
  "sigma_r0": 0.03,
  "sigma_s": 0.23,
  "T": 9.811,
  "V": 0.19
 },
 "26": {
  "mu_nd": 11.11,
  "mu_r0": 0.09,
  "mu_s": 0,
  "sigma_nd": 0,
  "sigma_r0": 0.03,
  "sigma_s": 0.03,
  "T": 8.128,
  "V": 0.27
 },
 "27": {
  "mu_nd": 5.1899999999999995,
  "mu_r0": 0.14,
  "mu_s": 0,
  "sigma_nd": 0,
  "sigma_r0": 0.16,
  "sigma_s": 0.05,
  "T": 5.5969999999999995,
  "V": 0.17
 },
 "28": {
  "mu_nd": 6.36,
  "mu_r0": 0.03,
  "mu_s": 0,
  "sigma_nd": 0,
  "sigma_r0": 0.03,
  "sigma_s": 0.01,
  "T": 6.414,
  "V": 0.23
 },
 "29": {
  "mu_nd": 5.38,
  "mu_r0": 0.01,
  "mu_s": 0,
  "sigma_nd": 0,
  "sigma_r0": 0.04,
  "sigma_s": 0.2,
  "T": 9.507,
  "V": 0.26
 },
 "30": {
  "mu_nd": 10.3,
  "mu_r0": 0.04,
  "mu_s": 0,
  "sigma_nd": 0,
  "sigma_r0": 0.01,
  "sigma_s": 0.26,
  "T": 9.475,
  "V": 0.25
 },
 "31": {
  "mu_nd": 1.31,
  "mu_r0": 0.21000000000000002,
  "mu_s": 0,
  "sigma_nd": 0,
  "sigma_r0": 0.19,
  "sigma_s": 0.06999999999999999,
  "T": 2.827,
  "V": 0.09
 },
 "32": {
  "mu_nd": 0.99,
  "mu_r0": 0.14,
  "mu_s": 0,
  "sigma_nd": 0,
  "sigma_r0": 0.16,
  "sigma_s": 0.03,
  "T": 5.64,
  "V": 0.18000000000000002
 },
 "33": {
  "mu_nd": 6.24,
  "mu_r0": 0.01,
  "mu_s": 0,
  "sigma_nd": 0,
  "sigma_r0": 0.03,
  "sigma_s": 0.16,
  "T": 6.819,
  "V": 0.05
 },
 "34": {
  "mu_nd": 10.64,
  "mu_r0": 0.02,
  "mu_s": 0,
  "sigma_nd": 0,
  "sigma_r0": 0.02,
  "sigma_s": 0.04,
  "T": 6.954,
  "V": 0.24000000000000002
 },
 "35": {
  "mu_nd": 17.98,
  "mu_r0": 0.09999999999999999,
  "mu_s": 0,
  "sigma_nd": 0,
  "sigma_r0": 0.04,
  "sigma_s": 0.26,
  "T": 9.383,
  "V": 0.060000000000000005
 },
 "36": {
  "mu_nd": 1.22,
  "mu_r0": 0.03,
  "mu_s": 0,
  "sigma_nd": 0,
  "sigma_r0": 0.01,
  "sigma_s": 0.12,
  "T": 9.831999999999999,
  "V": 0.08
 },
 "37": {
  "mu_nd": 10.13,
  "mu_r0": 0.02,
  "mu_s": 0,
  "sigma_nd": 0,
  "sigma_r0": 0.01,
  "sigma_s": 0.13,
  "T": 6.213,
  "V": 0.14
 },
 "38": {
  "mu_nd": 0.42000000000000004,
  "mu_r0": 0.01,
  "mu_s": 0,
  "sigma_nd": 0,
  "sigma_r0": 0.01,
  "sigma_s": 0.2,
  "T": 7.826,
  "V": 0.22
 },
 "39": {
  "mu_nd": 4.26,
  "mu_r0": 0.06999999999999999,
  "mu_s": 0,
  "sigma_nd": 0,
  "sigma_r0": 0.03,
  "sigma_s": 0.27,
  "T": 8.781,
  "V": 0.26
 },
 "40": {
  "mu_nd": 6.31,
  "mu_r0": 0.01,
  "mu_s": 0,
  "sigma_nd": 0,
  "sigma_r0": 0.02,
  "sigma_s": 0.01,
  "T": 8.932,
  "V": 0.27
 },
 "41": {
  "mu_nd": 9.02,
  "mu_r0": 0.01,
  "mu_s": 0,
  "sigma_nd": 0,
  "sigma_r0": 0.01,
  "sigma_s": 0.24000000000000002,
  "T": 8.225,
  "V": 0.23
 },
 "42": {
  "mu_nd": 7.92,
  "mu_r0": 0.02,
  "mu_s": 0,
  "sigma_nd": 0,
  "sigma_r0": 0.01,
  "sigma_s": 0.060000000000000005,
  "T": 8.675,
  "V": 0.27
 },
 "43": {
  "mu_nd": 11.7,
  "mu_r0": 0.05,
  "mu_s": 0,
  "sigma_nd": 0,
  "sigma_r0": 0.05,
  "sigma_s": 0.11,
  "T": 9.679,
  "V": 0.05
 },
 "44": {
  "mu_nd": 1.26,
  "mu_r0": 0.01,
  "mu_s": 0,
  "sigma_nd": 0,
  "sigma_r0": 0.02,
  "sigma_s": 0.28,
  "T": 9.502,
  "V": 0.24000000000000002
 },
 "45": {
  "mu_nd": 0.7000000000000001,
  "mu_r0": 0.01,
  "mu_s": 0,
  "sigma_nd": 0,
  "sigma_r0": 0.01,
  "sigma_s": 0.2,
  "T": 6.630999999999999,
  "V": 0.18000000000000002
 },
 "46": {
  "mu_nd": 8.13,
  "mu_r0": 0.01,
  "mu_s": 0,
  "sigma_nd": 0,
  "sigma_r0": 0.01,
  "sigma_s": 0.29000000000000004,
  "T": 4.71,
  "V": 0.16
 },
 "47": {
  "mu_nd": 2.05,
  "mu_r0": 0.02,
  "mu_s": 0,
  "sigma_nd": 0,
  "sigma_r0": 0.01,
  "sigma_s": 0.02,
  "T": 4.359,
  "V": 0.13
 },
 "48": {
  "mu_nd": 9.27,
  "mu_r0": 0.03,
  "mu_s": 0,
  "sigma_nd": 0,
  "sigma_r0": 0.01,
  "sigma_s": 0.16,
  "T": 6.983,
  "V": 0.16
 },
 "49": {
  "mu_nd": 7.99,
  "mu_r0": 0.04,
  "mu_s": 0,
  "sigma_nd": 0,
  "sigma_r0": 0.02,
  "sigma_s": 0.16,
  "T": 9.109,
  "V": 0.19
 },
 "50": {
  "mu_nd": 8.14,
  "mu_r0": 0.02,
  "mu_s": 0,
  "sigma_nd": 0,
  "sigma_r0": 0.05,
  "sigma_s": 0.3,
  "T": 8.594,
  "V": 0.08
 },
 "51": {
  "mu_nd": 4.91,
  "mu_r0": 0.01,
  "mu_s": 0,
  "sigma_nd": 0,
  "sigma_r0": 0.01,
  "sigma_s": 0.06999999999999999,
  "T": 7.661,
  "V": 0.3
 },
 "52": {
  "mu_nd": 1.94,
  "mu_r0": 0.03,
  "mu_s": 0,
  "sigma_nd": 0,
  "sigma_r0": 0.03,
  "sigma_s": 0.14,
  "T": 7.492999999999999,
  "V": 0.18000000000000002
 },
 "53": {
  "mu_nd": 8.77,
  "mu_r0": 0.03,
  "mu_s": 0,
  "sigma_nd": 0,
  "sigma_r0": 0.01,
  "sigma_s": 0.24000000000000002,
  "T": 7.931,
  "V": 0.16
 },
 "54": {
  "mu_nd": 9.55,
  "mu_r0": 0.060000000000000005,
  "mu_s": 0,
  "sigma_nd": 0,
  "sigma_r0": 0.03,
  "sigma_s": 0.060000000000000005,
  "T": 9.845,
  "V": 0.21000000000000002
 },
 "55": {
  "mu_nd": 3.71,
  "mu_r0": 0.01,
  "mu_s": 0,
  "sigma_nd": 0,
  "sigma_r0": 0.02,
  "sigma_s": 0.23,
  "T": 8.792,
  "V": 0.18000000000000002
 },
 "56": {
  "mu_nd": 1.9100000000000001,
  "mu_r0": 0.02,
  "mu_s": 0,
  "sigma_nd": 0,
  "sigma_r0": 0.01,
  "sigma_s": 0.11,
  "T": 8.279,
  "V": 0.16
 },
 "57": {
  "mu_nd": 2.15,
  "mu_r0": 0.03,
  "mu_s": 0,
  "sigma_nd": 0,
  "sigma_r0": 0.03,
  "sigma_s": 0.17,
  "T": 7.716,
  "V": 0.19
 },
 "58": {
  "mu_nd": 1.87,
  "mu_r0": 0.060000000000000005,
  "mu_s": 0,
  "sigma_nd": 0,
  "sigma_r0": 0.02,
  "sigma_s": 0.08,
  "T": 9.531,
  "V": 0.32999999999999996
 },
 "59": {
  "mu_nd": 1.8,
  "mu_r0": 0.02,
  "mu_s": 0,
  "sigma_nd": 0,
  "sigma_r0": 0.02,
  "sigma_s": 0.08,
  "T": 9.997,