{
 "0": {
  "ramp": 1.1099999999999999,
  "relative": 1.0,
  "threshold": 0.26
 },
 "1": {
  "ramp": 1.4,
  "relative": 0.67,
  "threshold": 0.16
 },
 "2": {
  "ramp": 0.89,
  "relative": 0.69,
  "threshold": 0.1
 },
 "3": {
  "ramp": 1.29,
  "relative": 0.49,
  "threshold": 0.5700000000000001
 },
 "4": {
  "ramp": 1.31,
  "relative": 0.17,
  "threshold": 0.33
 },
 "5": {
  "ramp": 1.28,
  "relative": 0.33999999999999997,
  "threshold": 0.14
 },
 "6": {
  "ramp": 1.23,
  "relative": 0.53,
  "threshold": 0.25
 },
 "7": {
  "ramp": 1.48,
  "relative": 0.24000000000000002,
  "threshold": 0.1
 },
 "8": {
  "ramp": 1.19,
  "relative": 0.31,
  "threshold": 0.26
 },
 "9": {
  "ramp": 1.31,
  "relative": 0.37,
  "threshold": 0.54
 },
 "10": {
  "ramp": 1.4300000000000002,
  "relative": 0.75,
  "threshold": 0.25
 },
 "11": {
  "ramp": 0.96,
  "relative": 0.64,
  "threshold": 0.18
 },
 "12": {
  "ramp": 1.25,
  "relative": 0.36,
  "threshold": 0.33
 },
 "13": {
  "ramp": 1.5,
  "relative": 0.14,
  "threshold": 0.1
 },
 "14": {
  "ramp": 1.1600000000000001,
  "relative": 0.75,
  "threshold": 0.32
 },
 "15": {
  "ramp": 1.49,
  "relative": 0.45999999999999996,
  "threshold": 0.58
 },
 "16": {
  "ramp": 0.72,
  "relative": 0.29000000000000004,
  "threshold": 0.28
 },
 "17": {
  "ramp": 1.15,
  "relative": 0.23,
  "threshold": 0.13
 },
 "18": {
  "ramp": 0.6,
  "relative": 0.17,
  "threshold": 0.12000000000000001
 },
 "19": {
  "ramp": 1.1099999999999999,
  "relative": 0.5,
  "threshold": 0.22
 },
 "20": {
  "ramp": 0.87,
  "relative": 0.19,
  "threshold": 0.32
 },
 "21": {
  "ramp": 1.4100000000000001,
  "relative": 0.35,
  "threshold": 0.15000000000000002
 },
 "22": {
  "ramp": 1.4300000000000002,
  "relative": 0.53,
  "threshold": 0.27
 },
 "23": {
  "ramp": 1.46,
  "relative": 0.47,
  "threshold": 0.35
 },
 "24": {
  "ramp": 0.9299999999999999,
  "relative": 0.52,
  "threshold": 0.30000000000000004
 },
 "25": {
  "ramp": 1.5,
  "relative": 0.15000000000000002,
  "threshold": 0.1
 },
 "26": {
  "ramp": 1.42,
  "relative": 0.26,
  "threshold": 0.1
 },
 "27": {
  "ramp": 1.2000000000000002,
  "relative": 0.72,
  "threshold": 0.35
 },
 "28": {
  "ramp": 0.95,
  "relative": 0.13,
  "threshold": 0.38
 },
 "29": {
  "ramp": 1.3599999999999999,
  "relative": 0.17,
  "threshold": 0.69
 },
 "30": {
  "ramp": 1.35,
  "relative": 0.76,
  "threshold": 0.33999999999999997
 },
 "31": {
  "ramp": 1.1099999999999999,
  "relative": 0.38,
  "threshold": 0.45000000000000007
 },
 "32": {
  "ramp": 0.95,
  "relative": 0.73,
  "threshold": 0.16
 },
 "33": {
  "ramp": 1.2000000000000002,
  "relative": 0.15000000000000002,
  "threshold": 0.23
 },
 "34": {
  "ramp": 1.3399999999999999,
  "relative": 0.12000000000000001,
  "threshold": 0.41000000000000003
 },
 "35": {
  "ramp": 0.6,
  "relative": 0.29000000000000004,
  "threshold": 0.23
 },
 "36": {
  "ramp": 1.33,
  "relative": 0.27,
  "threshold": 0.41000000000000003
 },
 "37": {
  "ramp": 0.91,
  "relative": 0.2,
  "threshold": 0.4
 },
 "38": {
  "ramp": 1.23,
  "relative": 0.95,
  "threshold": 0.18
 },
 "39": {
  "ramp": 1.46,
  "relative": 1.0,
  "threshold": 0.15000000000000002
 },
 "40": {
  "ramp": 0.8500000000000001,
  "relative": 0.12000000000000001,
  "threshold": 0.27
 },
 "41": {
  "ramp": 1.3399999999999999,
  "relative": 0.98,
  "threshold": 0.13
 },
 "42": {
  "ramp": 1.13,
  "relative": 0.16,
  "threshold": 0.45000000000000007
 },
 "43": {
  "ramp": 1.5,
  "relative": 0.49,
  "threshold": 0.45000000000000007
 },
 "44": {
  "ramp": 1.07,
  "relative": 0.51,
  "threshold": 0.32
 },
 "45": {
  "ramp": 1.27,
  "relative": 0.17,
  "threshold": 0.30000000000000004
 },
 "46": {
  "ramp": 1.08,
  "relative": 0.7,
  "threshold": 0.19
 },
 "47": {
  "ramp": 0.91,
  "relative": 0.6,
  "threshold": 0.30000000000000004
 },
 "48": {
  "ramp": 1.04,
  "relative": 0.12000000000000001,
  "threshold": 0.4
 },
 "49": {
  "ramp": 1.4100000000000001,
  "relative": 0.73,
  "threshold": 0.32
 },
 "50": {
  "ramp": 1.49,
  "relative": 0.92,
  "threshold": 0.26
 },
 "51": {
  "ramp": 1.5,
  "relative": 0.79,
  "threshold": 0.24000000000000002
 },
 "52": {
  "ramp": 1.3599999999999999,
  "relative": 0.61,
  "threshold": 0.15000000000000002
 },
 "53": {
  "ramp": 0.89,
  "relative": 0.98,
  "threshold": 0.12000000000000001
 },
 "54": {
  "ramp": 1.32,
  "relative": 0.78,
  "threshold": 0.41000000000000003
 },
 "55": {
  "ramp": 1.23,
  "relative": 0.24000000000000002,
  "threshold": 0.30000000000000004
 },
 "56": {
  "ramp": 1.47,
  "relative": 0.6,
  "threshold": 0.28
 }
}