{
 "1": {
  "mu_nd": 0,
  "mu_r0": 0.23700000000000002,
  "mu_s": 0,
  "sigma_nd": 0,
  "sigma_r0": 0,
  "sigma_s": 0,
  "T": 9.700000000000001,
  "V": 0.29000000000000004
 },
 "2": {
  "mu_nd": 0,
  "mu_r0": 0.29300000000000004,
  "mu_s": 0,
  "sigma_nd": 0,
  "sigma_r0": 0,
  "sigma_s": 0,
  "T": 4.5,
  "V": 0.14
 },
 "3": {
  "mu_nd": 0,
  "mu_r0": 0.2,
  "mu_s": 0,
  "sigma_nd": 0,
  "sigma_r0": 0,
  "sigma_s": 0,
  "T": 3.8000000000000003,
  "V": 0.29000000000000004
 },
 "4": {
  "mu_nd": 0,
  "mu_r0": 0.10300000000000001,
  "mu_s": 0,
  "sigma_nd": 0,
  "sigma_r0": 0,
  "sigma_s": 0,
  "T": 9.9,
  "V": 0.27
 },
 "5": {
  "mu_nd": 0,
  "mu_r0": 0.28900000000000003,
  "mu_s": 0,
  "sigma_nd": 0,
  "sigma_r0": 0,
  "sigma_s": 0,
  "T": 7.9,
  "V": 0.3
 },
 "6": {
  "mu_nd": 0,
  "mu_r0": 0.21100000000000002,
  "mu_s": 0,
  "sigma_nd": 0,
  "sigma_r0": 0,
  "sigma_s": 0,
  "T": 3.2,
  "V": 0.28
 },
 "7": {
  "mu_nd": 0,
  "mu_r0": 0.19,
  "mu_s": 0,
  "sigma_nd": 0,
  "sigma_r0": 0,
  "sigma_s": 0,
  "T": 5.2,
  "V": 0.24000000000000002
 },
 "9": {
  "mu_nd": 0,
  "mu_r0": 0.28900000000000003,
  "mu_s": 0,
  "sigma_nd": 0,
  "sigma_r0": 0,
  "sigma_s": 0,
  "T": 7.0,
  "V": 0.24000000000000002
 },
 "10": {
  "mu_nd": 0,
  "mu_r0": 0.24300000000000002,
  "mu_s": 0,
  "sigma_nd": 0,
  "sigma_r0": 0,
  "sigma_s": 0,
  "T": 9.8,
  "V": 0.13
 },
 "11": {
  "mu_nd": 0,
  "mu_r0": 0.10300000000000001,
  "mu_s": 0,
  "sigma_nd": 0,
  "sigma_r0": 0,
  "sigma_s": 0,
  "T": 3.7,
  "V": 0.29000000000000004
 },
 "13": {
  "mu_nd": 0,
  "mu_r0": 0.21300000000000002,
  "mu_s": 0,
  "sigma_nd": 0,
  "sigma_r0": 0,
  "sigma_s": 0,
  "T": 4.6,
  "V": 0.19
 },
 "14": {
  "mu_nd": 0,
  "mu_r0": 0.251,
  "mu_s": 0,
  "sigma_nd": 0,
  "sigma_r0": 0,
  "sigma_s": 0,
  "T": 8.600000000000001,
  "V": 0.29000000000000004
 },
 "20": {
  "mu_nd": 0,
  "mu_r0": 0.156,
  "mu_s": 0,
  "sigma_nd": 0,
  "sigma_r0": 0,
  "sigma_s": 0,
  "T": 6.0,
  "V": 0.09999999999999999
 },
 "21": {
  "mu_nd": 0,
  "mu_r0": 0.245,
  "mu_s": 0,
  "sigma_nd": 0,
  "sigma_r0": 0,
  "sigma_s": 0,
  "T": 9.6,
  "V": 0.16
 },
 "22": {
  "mu_nd": 0,
  "mu_r0": 0.21600000000000003,
  "mu_s": 0,
  "sigma_nd": 0,
  "sigma_r0": 0,
  "sigma_s": 0,
  "T": 8.600000000000001,
  "V": 0.09999999999999999
 },
 "23": {
  "mu_nd": 0,
  "mu_r0": 0.14500000000000002,
  "mu_s": 0,
  "sigma_nd": 0,
  "sigma_r0": 0,
  "sigma_s": 0,
  "T": 2.1,
  "V": 0.13
 },
 "24": {
  "mu_nd": 0,
  "mu_r0": 0.28300000000000003,
  "mu_s": 0,
  "sigma_nd": 0,
  "sigma_r0": 0,
  "sigma_s": 0,
  "T": 5.2,
  "V": 0.16
 },
 "25": {
  "mu_nd": 0,
  "mu_r0": 0.234,
  "mu_s": 0,
  "sigma_nd": 0,
  "sigma_r0": 0,
  "sigma_s": 0,
  "T": 6.1000000000000005,
  "V": 0.25
 },
 "26": {
  "mu_nd": 0,
  "mu_r0": 0.252,
  "mu_s": 0,
  "sigma_nd": 0,
  "sigma_r0": 0,
  "sigma_s": 0,
  "T": 7.800000000000001,
  "V": 0.13
 },
 "27": {
  "mu_nd": 0,
  "mu_r0": 0.137,
  "mu_s": 0,
  "sigma_nd": 0,
  "sigma_r0": 0.031,
  "sigma_s": 0,
  "T": 19.1,
  "V": 0.11
 },
 "28": {
  "mu_nd": 0,
  "mu_r0": 0.281,
  "mu_s": 0,
  "sigma_nd": 0,
  "sigma_r0": 0,
  "sigma_s": 0,
  "T": 6.6000000000000005,
  "V": 0.17
 },
 "29": {
  "mu_nd": 0,
  "mu_r0": 0.28700000000000003,
  "mu_s": 0,
  "sigma_nd": 0,
  "sigma_r0": 0,
  "sigma_s": 0,
  "T": 8.2,
  "V": 0.29000000000000004
 },
 "30": {
  "mu_nd": 0,
  "mu_r0": 0.191,
  "mu_s": 0,
  "sigma_nd": 0,
  "sigma_r0": 0,
  "sigma_s": 0,
  "T": 6.9,
  "V": 0.12
 },
 "31": {
  "mu_nd": 0,
  "mu_r0": 0.268,
  "mu_s": 0,
  "sigma_nd": 0,
  "sigma_r0": 0,
  "sigma_s": 0,
  "T": 1.2,
  "V": 0.16
 },
 "32": {
  "mu_nd": 0,
  "mu_r0": 0.253,
  "mu_s": 0,
  "sigma_nd": 0,
  "sigma_r0": 0,
  "sigma_s": 0,
  "T": 1.7000000000000002,
  "V": 0.2
 },
 "33": {
  "mu_nd": 0,
  "mu_r0": 0.187,
  "mu_s": 0,
  "sigma_nd": 0,
  "sigma_r0": 0,
  "sigma_s": 0,
  "T": 7.2,
  "V": 0.12
 },
 "34": {
  "mu_nd": 0,
  "mu_r0": 0.267,
  "mu_s": 0,
  "sigma_nd": 0,
  "sigma_r0": 0,
  "sigma_s": 0,
  "T": 9.5,
  "V": 0.18000000000000002
 },
 "35": {
  "mu_nd": 0,
  "mu_r0": 0.116,
  "mu_s": 0,
  "sigma_nd": 0,
  "sigma_r0": 0,
  "sigma_s": 0,
  "T": 9.8,
  "V": 0.29000000000000004
 },
 "36": {
  "mu_nd": 0,
  "mu_r0": 0.24300000000000002,
  "mu_s": 0,
  "sigma_nd": 0,
  "sigma_r0": 0,
  "sigma_s": 0,
  "T": 9.0,
  "V": 0.24000000000000002
 },
 "37": {
  "mu_nd": 0,
  "mu_r0": 0.154,
  "mu_s": 0,
  "sigma_nd": 0,
  "sigma_r0": 0,
  "sigma_s": 0,
  "T": 6.300000000000001,
  "V": 0.09
 },
 "38": {
  "mu_nd": 0,
  "mu_r0": 0.14200000000000002,
  "mu_s": 0,
  "sigma_nd": 0,
  "sigma_r0": 0,
  "sigma_s": 0,
  "T": 3.5,
  "V": 0.24000000000000002
 },
 "39": {
  "mu_nd": 0,
  "mu_r0": 0.28500000000000003,
  "mu_s": 0,
  "sigma_nd": 0,
  "sigma_r0": 0,
  "sigma_s": 0,
  "T": 5.1000000000000005,
  "V": 0.17
 },
 "40": {
  "mu_nd": 0,
  "mu_r0": 0.248,
  "mu_s": 0,
  "sigma_nd": 0,
  "sigma_r0": 0,
  "sigma_s": 0,
  "T": 7.5,
  "V": 0.25
 },
 "41": {
  "mu_nd": 0,
  "mu_r0": 0.222,
  "mu_s": 0,
  "sigma_nd": 0,
  "sigma_r0": 0,
  "sigma_s": 0,
  "T": 9.1,
  "V": 0.26
 },
 "42": {
  "mu_nd": 0,
  "mu_r0": 0.28600000000000003,
  "mu_s": 0,
  "sigma_nd": 0,
  "sigma_r0": 0,
  "sigma_s": 0,
  "T": 9.200000000000001,
  "V": 0.21000000000000002
 },
 "43": {
  "mu_nd": 0,
  "mu_r0": 0.231,
  "mu_s": 0,
  "sigma_nd": 0,
  "sigma_r0": 0,
  "sigma_s": 0,
  "T": 9.3,
  "V": 0.12
 },
 "44": {
  "mu_nd": 0,
  "mu_r0": 0.123,
  "mu_s": 0,
  "sigma_nd": 0,
  "sigma_r0": 0,
  "sigma_s": 0,
  "T": 4.5,
  "V": 0.29000000000000004
 },
 "45": {
  "mu_nd": 0,
  "mu_r0": 0.137,
  "mu_s": 0,
  "sigma_nd": 0,
  "sigma_r0": 0,
  "sigma_s": 0,
  "T": 3.6,
  "V": 0.25
 },
 "46": {
  "mu_nd": 0,
  "mu_r0": 0.165,
  "mu_s": 0,
  "sigma_nd": 0,
  "sigma_r0": 0,
  "sigma_s": 0,
  "T": 5.0,
  "V": 0.13
 },
 "47": {
  "mu_nd": 0,
  "mu_r0": 0.21500000000000002,
  "mu_s": 0,
  "sigma_nd": 0,
  "sigma_r0": 0,
  "sigma_s": 0,
  "T": 4.7,
  "V": 0.24000000000000002
 },
 "48": {
  "mu_nd": 0,
  "mu_r0": 0.262,
  "mu_s": 0,
  "sigma_nd": 0,
  "sigma_r0": 0,
  "sigma_s": 0,
  "T": 9.8,
  "V": 0.24000000000000002
 },
 "49": {
  "mu_nd": 0,
  "mu_r0": 0.255,
  "mu_s": 0,
  "sigma_nd": 0,
  "sigma_r0": 0,
  "sigma_s": 0,
  "T": 9.3,
  "V": 0.23
 },
 "50": {
  "mu_nd": 0,
  "mu_r0": 0.23900000000000002,
  "mu_s": 0,
  "sigma_nd": 0,
  "sigma_r0": 0,
  "sigma_s": 0,
  "T": 8.7,
  "V": 0.21000000000000002
 },
 "51": {
  "mu_nd": 0,
  "mu_r0": 0.133,
  "mu_s": 0,
  "sigma_nd": 0,
  "sigma_r0": 0,
  "sigma_s": 0,
  "T": 2.9000000000000004,
  "V": 0.11
 },
 "52": {
  "mu_nd": 0,
  "mu_r0": 0.198,
  "mu_s": 0,
  "sigma_nd": 0,
  "sigma_r0": 0,
  "sigma_s": 0,
  "T": 4.5,
  "V": 0.23
 },
 "53": {
  "mu_nd": 0,
  "mu_r0": 0.194,
  "mu_s": 0,
  "sigma_nd": 0,
  "sigma_r0": 0,
  "sigma_s": 0,
  "T": 7.4,
  "V": 0.14
 },
 "54": {
  "mu_nd": 0,
  "mu_r0": 0.224,
  "mu_s": 0,
  "sigma_nd": 0,
  "sigma_r0": 0,
  "sigma_s": 0,
  "T": 8.100000000000001,
  "V": 0.15000000000000002
 },
 "55": {
  "mu_nd": 0,
  "mu_r0": 0.18,
  "mu_s": 0,
  "sigma_nd": 0,
  "sigma_r0": 0,
  "sigma_s": 0,
  "T": 6.800000000000001,
  "V": 0.29000000000000004
 },
 "56": {
  "mu_nd": 0,
  "mu_r0": 0.159,
  "mu_s": 0,
  "sigma_nd": 0,
  "sigma_r0": 0,
  "sigma_s": 0,
  "T": 6.1000000000000005,
  "V": 0.29000000000000004
 },
 "57": {
  "mu_nd": 0,
  "mu_r0": 0.185,
  "mu_s": 0,
  "sigma_nd": 0,
  "sigma_r0": 0,
  "sigma_s": 0,
  "T": 4.5,
  "V": 0.25
 },
 "58": {
  "mu_nd": 0,
  "mu_r0": 0.258,
  "mu_s": 0,
  "sigma_nd": 0,
  "sigma_r0": 0,
  "sigma_s": 0,
  "T": 3.8000000000000003,
  "V": 0.23
 },
 "59": {
  "mu_nd": 0,
  "mu_r0": 0.082,
  "mu_s": 0,
  "sigma_nd": 0,
  "sigma_r0": 0.007,
  "sigma_s": 0,
  "T": 19.1,
  "V": 0.36
 },
 "60": {
  "mu_nd": 0,
  "mu_r0": 0.21500000000000002,
  "mu_s": 0,
  "sigma_nd": 0,
  "sigma_r0": 0,
  "sigma_s": 0,
  "T": 8.8,
  "V": 0.18000000000000002
 },
 "61": {
  "mu_nd": 0,
  "mu_r0": 0.263,
  "mu_s": 0,
  "sigma_nd": 0,
  "sigma_r0": 0,
  "sigma_s": 0,
  "T": 6.4,
  "V": 0.2
 },
 "62": {
  "mu_nd": 0,