{
 "1": {
  "mu_nd": 10.36,
  "mu_r0": 0.02,
  "mu_s": 0,
  "sigma_nd": 0,
  "sigma_r0": 0.01,
  "sigma_s": 0.04,
  "T": 9.813,
  "V": 0.3
 },
 "2": {
  "mu_nd": 4.32,
  "mu_r0": 0.11,
  "mu_s": 0,
  "sigma_nd": 0,
  "sigma_r0": 0.04,
  "sigma_s": 0.01,
  "T": 9.498,
  "V": 0.3
 },
 "3": {
  "mu_nd": 8.73,
  "mu_r0": 0.48000000000000004,
  "mu_s": 0,
  "sigma_nd": 0,
  "sigma_r0": 0.11,
  "sigma_s": 0.02,
  "T": 0.352,
  "V": 0.5700000000000001
 },
 "4": {
  "mu_nd": 11.79,
  "mu_r0": 0.01,
  "mu_s": 0,
  "sigma_nd": 0,
  "sigma_r0": 0.01,
  "sigma_s": 0.29000000000000004,
  "T": 9.998,
  "V": 0.3
 },
 "5": {
  "mu_nd": 5.38,
  "mu_r0": 0.01,
  "mu_s": 0,
  "sigma_nd": 0,
  "sigma_r0": 0.02,
  "sigma_s": 0.15000000000000002,
  "T": 9.995,
  "V": 0.32
 },
 "6": {
  "mu_nd": 0.61,
  "mu_r0": 0.05,
  "mu_s": 0,
  "sigma_nd": 0,
  "sigma_r0": 0.02,
  "sigma_s": 0.06999999999999999,
  "T": 9.452,
  "V": 0.32
 },
 "7": {
  "mu_nd": 4.21,
  "mu_r0": 0.01,
  "mu_s": 0,
  "sigma_nd": 0,
  "sigma_r0": 0.02,
  "sigma_s": 0.11,
  "T": 9.459999999999999,
  "V": 0.31
 },
 "9": {
  "mu_nd": 5.12,
  "mu_r0": 0.02,
  "mu_s": 0,
  "sigma_nd": 0,
  "sigma_r0": 0.02,
  "sigma_s": 0.14,
  "T": 10.0,
  "V": 0.32999999999999996
 },
 "10": {
  "mu_nd": 12.0,
  "mu_r0": 0.01,
  "mu_s": 0,
  "sigma_nd": 0,
  "sigma_r0": 0.02,
  "sigma_s": 0.04,
  "T": 10.0,
  "V": 0.31
 },
 "11": {
  "mu_nd": 1.6400000000000001,
  "mu_r0": 0.01,
  "mu_s": 0,
  "sigma_nd": 0,
  "sigma_r0": 0.01,
  "sigma_s": 0.29000000000000004,
  "T": 9.847999999999999,
  "V": 0.32
 },
 "13": {
  "mu_nd": 4.43,
  "mu_r0": 0.01,
  "mu_s": 0,
  "sigma_nd": 0,
  "sigma_r0": 0.03,
  "sigma_s": 0.12,
  "T": 9.18,
  "V": 0.32999999999999996
 },
 "14": {
  "mu_nd": 8.3,
  "mu_r0": 0.01,
  "mu_s": 0,
  "sigma_nd": 0,
  "sigma_r0": 0.01,
  "sigma_s": 0.17,
  "T": 9.439,
  "V": 0.31
 },
 "20": {
  "mu_nd": 11.76,
  "mu_r0": 0.01,
  "mu_s": 0,
  "sigma_nd": 0,
  "sigma_r0": 0.03,
  "sigma_s": 0.16,
  "T": 9.686,
  "V": 0.31
 },
 "21": {
  "mu_nd": 12.0,
  "mu_r0": 0.02,
  "mu_s": 0,
  "sigma_nd": 0,
  "sigma_r0": 0.02,
  "sigma_s": 0.14,
  "T": 9.821,
  "V": 0.3
 },
 "22": {
  "mu_nd": 12.0,
  "mu_r0": 0.01,
  "mu_s": 0,
  "sigma_nd": 0,
  "sigma_r0": 0.02,
  "sigma_s": 0.03,
  "T": 9.647,
  "V": 0.3
 },
 "23": {
  "mu_nd": 1.87,
  "mu_r0": 0.06999999999999999,
  "mu_s": 0,
  "sigma_nd": 0,
  "sigma_r0": 0.04,
  "sigma_s": 0.16,
  "T": 9.839,
  "V": 0.32999999999999996
 },
 "24": {
  "mu_nd": 5.0,
  "mu_r0": 0.06999999999999999,
  "mu_s": 0,
  "sigma_nd": 0,
  "sigma_r0": 0.03,
  "sigma_s": 0.08,
  "T": 9.814,
  "V": 0.39
 },
 "25": {
  "mu_nd": 4.27,
  "mu_r0": 0.01,
  "mu_s": 0,
  "sigma_nd": 0,
  "sigma_r0": 0.02,
  "sigma_s": 0.3,
  "T": 9.636,
  "V": 0.3
 },
 "26": {
  "mu_nd": 11.16,
  "mu_r0": 0.060000000000000005,
  "mu_s": 0,
  "sigma_nd": 0,
  "sigma_r0": 0.01,
  "sigma_s": 0.15000000000000002,
  "T": 9.431,
  "V": 0.37
 },
 "27": {
  "mu_nd": 3.9099999999999997,
  "mu_r0": 0.15000000000000002,
  "mu_s": 0,
  "sigma_nd": 0,
  "sigma_r0": 0.05,
  "sigma_s": 0.28,
  "T": 9.814,
  "V": 0.3
 },
 "28": {
  "mu_nd": 6.31,
  "mu_r0": 0.06999999999999999,
  "mu_s": 0,
  "sigma_nd": 0,
  "sigma_r0": 0.01,
  "sigma_s": 0.14,
  "T": 9.804,
  "V": 0.3
 },
 "29": {
  "mu_nd": 5.7299999999999995,
  "mu_r0": 0.02,
  "mu_s": 0,
  "sigma_nd": 0,
  "sigma_r0": 0.02,
  "sigma_s": 0.13,
  "T": 9.531,
  "V": 0.3
 },
 "30": {
  "mu_nd": 11.37,
  "mu_r0": 0.03,
  "mu_s": 0,
  "sigma_nd": 0,
  "sigma_r0": 0.02,
  "sigma_s": 0.060000000000000005,
  "T": 9.539,
  "V": 0.32
 },
 "31": {
  "mu_nd": 0.61,
  "mu_r0": 0.29000000000000004,
  "mu_s": 0,
  "sigma_nd": 0,
  "sigma_r0": 0.11,
  "sigma_s": 0.08,
  "T": 9.847999999999999,
  "V": 0.5800000000000001
 },
 "32": {
  "mu_nd": 0.6900000000000001,
  "mu_r0": 0.18000000000000002,
  "mu_s": 0,
  "sigma_nd": 0,
  "sigma_r0": 0.09,
  "sigma_s": 0.22,
  "T": 8.922,
  "V": 0.32
 },
 "33": {
  "mu_nd": 10.91,
  "mu_r0": 0.01,
  "mu_s": 0,
  "sigma_nd": 0,
  "sigma_r0": 0.03,
  "sigma_s": 0.03,
  "T": 9.827,
  "V": 0.3
 },
 "34": {
  "mu_nd": 9.89,
  "mu_r0": 0.02,
  "mu_s": 0,
  "sigma_nd": 0,
  "sigma_r0": 0.03,
  "sigma_s": 0.04,
  "T": 9.991999999999999,
  "V": 0.3
 },
 "35": {
  "mu_nd": 11.79,
  "mu_r0": 0.01,
  "mu_s": 0,
  "sigma_nd": 0,
  "sigma_r0": 0.01,
  "sigma_s": 0.29000000000000004,
  "T": 9.999,
  "V": 0.3
 },
 "36": {
  "mu_nd": 9.22,
  "mu_r0": 0.01,
  "mu_s": 0,
  "sigma_nd": 0,
  "sigma_r0": 0.01,
  "sigma_s": 0.11,
  "T": 9.791,
  "V": 0.3
 },
 "37": {
  "mu_nd": 12.0,
  "mu_r0": 0.01,
  "mu_s": 0,
  "sigma_nd": 0,
  "sigma_r0": 0.03,
  "sigma_s": 0.14,
  "T": 9.833,
  "V": 0.3
 },
 "38": {
  "mu_nd": 1.81,
  "mu_r0": 0.01,
  "mu_s": 0,
  "sigma_nd": 0,
  "sigma_r0": 0.01,
  "sigma_s": 0.23,
  "T": 9.547,
  "V": 0.3
 },
 "39": {
  "mu_nd": 4.36,
  "mu_r0": 0.060000000000000005,
  "mu_s": 0,
  "sigma_nd": 0,
  "sigma_r0": 0.01,
  "sigma_s": 0.16,
  "T": 9.548,
  "V": 0.36
 },
 "40": {
  "mu_nd": 6.84,
  "mu_r0": 0.01,
  "mu_s": 0,
  "sigma_nd": 0,
  "sigma_r0": 0.02,
  "sigma_s": 0.04,
  "T": 9.82,
  "V": 0.3
 },
 "41": {
  "mu_nd": 9.34,
  "mu_r0": 0.01,
  "mu_s": 0,
  "sigma_nd": 0,
  "sigma_r0": 0.01,
  "sigma_s": 0.29000000000000004,
  "T": 9.821,
  "V": 0.3
 },
 "42": {
  "mu_nd": 8.39,
  "mu_r0": 0.01,
  "mu_s": 0,
  "sigma_nd": 0,
  "sigma_r0": 0.01,
  "sigma_s": 0.25,
  "T": 9.818999999999999,
  "V": 0.32
 },
 "43": {
  "mu_nd": 12.0,
  "mu_r0": 0.01,
  "mu_s": 0,
  "sigma_nd": 0,
  "sigma_r0": 0.02,
  "sigma_s": 0.12,
  "T": 9.997,
  "V": 0.3
 },
 "44": {
  "mu_nd": 3.77,
  "mu_r0": 0.02,
  "mu_s": 0,
  "sigma_nd": 0,
  "sigma_r0": 0.02,
  "sigma_s": 0.09999999999999999,
  "T": 9.997,
  "V": 0.3
 },
 "45": {
  "mu_nd": 1.61,
  "mu_r0": 0.02,
  "mu_s": 0,
  "sigma_nd": 0,
  "sigma_r0": 0.02,
  "sigma_s": 0.04,
  "T": 9.999,
  "V": 0.31
 },
 "46": {
  "mu_nd": 8.24,
  "mu_r0": 0.02,
  "mu_s": 0,
  "sigma_nd": 0,
  "sigma_r0": 0.02,
  "sigma_s": 0.22,
  "T": 9.507,
  "V": 0.32
 },
 "47": {
  "mu_nd": 2.98,
  "mu_r0": 0.04,
  "mu_s": 0,
  "sigma_nd": 0,
  "sigma_r0": 0.02,
  "sigma_s": 0.060000000000000005,
  "T": 9.994,
  "V": 0.3
 },
 "48": {
  "mu_nd": 9.63,
  "mu_r0": 0.01,
  "mu_s": 0,
  "sigma_nd": 0,
  "sigma_r0": 0.01,
  "sigma_s": 0.14,
  "T": 9.838,
  "V": 0.31
 },
 "49": {
  "mu_nd": 9.16,
  "mu_r0": 0.01,
  "mu_s": 0,
  "sigma_nd": 0,
  "sigma_r0": 0.01,
  "sigma_s": 0.23,
  "T": 9.69,
  "V": 0.3
 },
 "50": {
  "mu_nd": 9.89,
  "mu_r0": 0.02,
  "mu_s": 0,
  "sigma_nd": 0,
  "sigma_r0": 0.03,
  "sigma_s": 0.14,
  "T": 9.997,
  "V": 0.3
 },
 "51": {
  "mu_nd": 4.7,
  "mu_r0": 0.02,
  "mu_s": 0,
  "sigma_nd": 0,
  "sigma_r0": 0.04,
  "sigma_s": 0.02,
  "T": 9.247,
  "V": 0.32
 },
 "52": {
  "mu_nd": 2.5,
  "mu_r0": 0.01,
  "mu_s": 0,
  "sigma_nd": 0,
  "sigma_r0": 0.02,
  "sigma_s": 0.04,
  "T": 9.658,
  "V": 0.32
 },
 "53": {
  "mu_nd": 10.9,
  "mu_r0": 0.01,
  "mu_s": 0,
  "sigma_nd": 0,
  "sigma_r0": 0.03,
  "sigma_s": 0.01,
  "T": 9.372,
  "V": 0.3
 },
 "54": {
  "mu_nd": 11.23,
  "mu_r0": 0.04,
  "mu_s": 0,
  "sigma_nd": 0,
  "sigma_r0": 0.01,
  "sigma_s": 0.08,
  "T": 9.834,
  "V": 0.3
 },
 "55": {
  "mu_nd": 8.93,
  "mu_r0": 0.01,
  "mu_s": 0,
  "sigma_nd": 0,
  "sigma_r0": 0.01,
  "sigma_s": 0.17,
  "T": 9.615,
  "V": 0.31
 },
 "56": {
  "mu_nd": 7.75,
  "mu_r0": 0.02,
  "mu_s": 0,
  "sigma_nd": 0,
  "sigma_r0": 0.01,
  "sigma_s": 0.3,
  "T": 9.995,
  "V": 0.3
 },
 "57": {
  "mu_nd": 2.3699999999999997,
  "mu_r0": 0.01,
  "mu_s": 0,
  "sigma_nd": 0,
  "sigma_r0": 0.02,
  "sigma_s": 0.24000000000000002,
  "T": 9.696,
  "V": 0.3
 },
 "58": {
  "mu_nd": 1.87,
  "mu_r0": 0.060000000000000005,
  "mu_s": 0,
  "sigma_nd": 0,
  "sigma_r0": 0.02,
  "sigma_s": 0.08,
  "T": 9.531,
  "V": 0.32999999999999996
 },
 "59": {
  "mu_nd": 1.8,
  "mu_r0": 0.02,
  "mu_s": 0,
  "sigma_nd": 0,
  "sigma_r0": 0.02,
  "sigma_s": 0.08,
  "T": 9.997,
  "V": 0.31
 },
 "60": {
  "mu_nd": 10.66,
  "mu_r0": 0.01,
  "mu_s": 0,
  "sigma_nd": 0,
  "sigma_r0": 0.03,
  "sigma_s": 0.01,