{
 "1": {
  "mu_nd": 0,
  "mu_r0": 0.003,
  "mu_s": 0,
  "sigma_nd": 0,
  "sigma_r0": 0.013000000000000001,
  "sigma_s": 0,
  "T": 8.3,
  "V": 0.15000000000000002
 },
 "2": {
  "mu_nd": 0,
  "mu_r0": 0.053000000000000005,
  "mu_s": 0,
  "sigma_nd": 0,
  "sigma_r0": 0.016,
  "sigma_s": 0,
  "T": 8.3,
  "V": 0.03
 },
 "3": {
  "mu_nd": 0,
  "mu_r0": 0.042,
  "mu_s": 0,
  "sigma_nd": 0,
  "sigma_r0": 0.004,
  "sigma_s": 0,
  "T": 9.700000000000001,
  "V": 0.26
 },
 "4": {
  "mu_nd": 0,
  "mu_r0": 0.001,
  "mu_s": 0,
  "sigma_nd": 0,
  "sigma_r0": 0.005,
  "sigma_s": 0,
  "T": 9.700000000000001,
  "V": 0.09999999999999999
 },
 "5": {
  "mu_nd": 0,
  "mu_r0": 0.030000000000000002,
  "mu_s": 0,
  "sigma_nd": 0,
  "sigma_r0": 0.003,
  "sigma_s": 0,
  "T": 8.9,
  "V": 0.11
 },
 "6": {
  "mu_nd": 0,
  "mu_r0": 0.041,
  "mu_s": 0,
  "sigma_nd": 0,
  "sigma_r0": 0.005,
  "sigma_s": 0,
  "T": 6.9,
  "V": 0.2
 },
 "7": {
  "mu_nd": 0,
  "mu_r0": 0.010000000000000002,
  "mu_s": 0,
  "sigma_nd": 0,
  "sigma_r0": 0.027000000000000003,
  "sigma_s": 0,
  "T": 9.1,
  "V": 0.18000000000000002
 },
 "9": {
  "mu_nd": 0,
  "mu_r0": 0.036000000000000004,
  "mu_s": 0,
  "sigma_nd": 0,
  "sigma_r0": 0.005,
  "sigma_s": 0,
  "T": 9.5,
  "V": 0.11
 },
 "10": {
  "mu_nd": 0,
  "mu_r0": 0.014000000000000002,
  "mu_s": 0,
  "sigma_nd": 0,
  "sigma_r0": 0.001,
  "sigma_s": 0,
  "T": 5.8,
  "V": 0.03
 },
 "11": {
  "mu_nd": 0,
  "mu_r0": 0.013000000000000001,
  "mu_s": 0,
  "sigma_nd": 0,
  "sigma_r0": 0.016,
  "sigma_s": 0,
  "T": 7.9,
  "V": 0.19
 },
 "13": {
  "mu_nd": 0,
  "mu_r0": 0.041,
  "mu_s": 0,
  "sigma_nd": 0,
  "sigma_r0": 0.009000000000000001,
  "sigma_s": 0,
  "T": 9.2,
  "V": 0.12
 },
 "14": {
  "mu_nd": 0,
  "mu_r0": 0.027000000000000003,
  "mu_s": 0,
  "sigma_nd": 0,
  "sigma_r0": 0.003,
  "sigma_s": 0,
  "T": 9.5,
  "V": 0.09
 },
 "20": {
  "mu_nd": 0,
  "mu_r0": 0.023,
  "mu_s": 0,
  "sigma_nd": 0,
  "sigma_r0": 0.003,
  "sigma_s": 0,
  "T": 9.4,
  "V": 0.060000000000000005
 },
 "21": {
  "mu_nd": 0,
  "mu_r0": 0.012,
  "mu_s": 0,
  "sigma_nd": 0,
  "sigma_r0": 0.001,
  "sigma_s": 0,
  "T": 5.1,
  "V": 0.03
 },
 "22": {
  "mu_nd": 0,
  "mu_r0": 0.015,
  "mu_s": 0,
  "sigma_nd": 0,
  "sigma_r0": 0.001,
  "sigma_s": 0,
  "T": 6.2,
  "V": 0.03
 },
 "23": {
  "mu_nd": 0,
  "mu_r0": 0.07100000000000001,
  "mu_s": 0,
  "sigma_nd": 0,
  "sigma_r0": 0.033,
  "sigma_s": 0,
  "T": 10.0,
  "V": 0.09999999999999999
 },
 "24": {
  "mu_nd": 0,
  "mu_r0": 0.053000000000000005,
  "mu_s": 0,
  "sigma_nd": 0,
  "sigma_r0": 0.003,
  "sigma_s": 0,
  "T": 9.8,
  "V": 0.09
 },
 "25": {
  "mu_nd": 0,
  "mu_r0": 0.032,
  "mu_s": 0,
  "sigma_nd": 0,
  "sigma_r0": 0.001,
  "sigma_s": 0,
  "T": 8.7,
  "V": 0.13
 },
 "26": {
  "mu_nd": 0,
  "mu_r0": 0.031,
  "mu_s": 0,
  "sigma_nd": 0,
  "sigma_r0": 0.005,
  "sigma_s": 0,
  "T": 9.8,
  "V": 0.03
 },
 "27": {
  "mu_nd": 0,
  "mu_r0": 0.07,
  "mu_s": 0,
  "sigma_nd": 0,
  "sigma_r0": 0.018000000000000002,
  "sigma_s": 0,
  "T": 9.8,
  "V": 0.02
 },
 "28": {
  "mu_nd": 0,
  "mu_r0": 0.041,
  "mu_s": 0,
  "sigma_nd": 0,
  "sigma_r0": 0.009000000000000001,
  "sigma_s": 0,
  "T": 9.8,
  "V": 0.06999999999999999
 },
 "29": {
  "mu_nd": 0,
  "mu_r0": 0.030000000000000002,
  "mu_s": 0,
  "sigma_nd": 0,
  "sigma_r0": 0.003,
  "sigma_s": 0,
  "T": 9.2,
  "V": 0.11
 },
 "30": {
  "mu_nd": 0,
  "mu_r0": 0.024,
  "mu_s": 0,
  "sigma_nd": 0,
  "sigma_r0": 0.001,
  "sigma_s": 0,
  "T": 8.7,
  "V": 0.05
 },
 "31": {
  "mu_nd": 0,
  "mu_r0": 0.098,
  "mu_s": 0,
  "sigma_nd": 0,
  "sigma_r0": 0.036000000000000004,
  "sigma_s": 0,
  "T": 3.8000000000000003,
  "V": 0.060000000000000005
 },
 "32": {
  "mu_nd": 0,
  "mu_r0": 0.098,
  "mu_s": 0,
  "sigma_nd": 0,
  "sigma_r0": 0.026000000000000002,
  "sigma_s": 0,
  "T": 7.1,
  "V": 0.26
 },
 "33": {
  "mu_nd": 0,
  "mu_r0": 0.023,
  "mu_s": 0,
  "sigma_nd": 0,
  "sigma_r0": 0.001,
  "sigma_s": 0,
  "T": 10.0,
  "V": 0.08
 },
 "34": {
  "mu_nd": 0,
  "mu_r0": 0.022000000000000002,
  "mu_s": 0,
  "sigma_nd": 0,
  "sigma_r0": 0.003,
  "sigma_s": 0,
  "T": 8.1,
  "V": 0.05
 },
 "35": {
  "mu_nd": 0,
  "mu_r0": 0.001,
  "mu_s": 0,
  "sigma_nd": 0,
  "sigma_r0": 0.005,
  "sigma_s": 0,
  "T": 7.8,
  "V": 0.09
 },
 "36": {
  "mu_nd": 0,
  "mu_r0": 0.019000000000000003,
  "mu_s": 0,
  "sigma_nd": 0,
  "sigma_r0": 0.003,
  "sigma_s": 0,
  "T": 7.6,
  "V": 0.06999999999999999
 },
 "37": {
  "mu_nd": 0,
  "mu_r0": 0.02,
  "mu_s": 0,
  "sigma_nd": 0,
  "sigma_r0": 0.001,
  "sigma_s": 0,
  "T": 8.3,
  "V": 0.04
 },
 "38": {
  "mu_nd": 0,
  "mu_r0": 0.009000000000000001,
  "mu_s": 0,
  "sigma_nd": 0,
  "sigma_r0": 0.015,
  "sigma_s": 0,
  "T": 7.1,
  "V": 0.19
 },
 "39": {
  "mu_nd": 0,
  "mu_r0": 0.049,
  "mu_s": 0,
  "sigma_nd": 0,
  "sigma_r0": 0.005,
  "sigma_s": 0,
  "T": 8.8,
  "V": 0.09
 },
 "40": {
  "mu_nd": 0,
  "mu_r0": 0.029,
  "mu_s": 0,
  "sigma_nd": 0,
  "sigma_r0": 0.007,
  "sigma_s": 0,
  "T": 9.3,
  "V": 0.08
 },
 "41": {
  "mu_nd": 0,
  "mu_r0": 0.022000000000000002,
  "mu_s": 0,
  "sigma_nd": 0,
  "sigma_r0": 0.006,
  "sigma_s": 0,
  "T": 9.3,
  "V": 0.06999999999999999
 },
 "42": {
  "mu_nd": 0,
  "mu_r0": 0.027000000000000003,
  "mu_s": 0,
  "sigma_nd": 0,
  "sigma_r0": 0.001,
  "sigma_s": 0,
  "T": 9.1,
  "V": 0.06999999999999999
 },
 "43": {
  "mu_nd": 0,
  "mu_r0": 0.021,
  "mu_s": 0,
  "sigma_nd": 0,
  "sigma_r0": 0.001,
  "sigma_s": 0,
  "T": 8.7,
  "V": 0.04
 },
 "44": {
  "mu_nd": 0,
  "mu_r0": 0.017,
  "mu_s": 0,
  "sigma_nd": 0,
  "sigma_r0": 0.014000000000000002,
  "sigma_s": 0,
  "T": 9.2,
  "V": 0.19
 },
 "45": {
  "mu_nd": 0,
  "mu_r0": 0.029,
  "mu_s": 0,
  "sigma_nd": 0,
  "sigma_r0": 0.006,
  "sigma_s": 0,
  "T": 8.7,
  "V": 0.21000000000000002
 },
 "46": {
  "mu_nd": 0,
  "mu_r0": 0.023,
  "mu_s": 0,
  "sigma_nd": 0,
  "sigma_r0": 0.001,
  "sigma_s": 0,
  "T": 7.2,
  "V": 0.060000000000000005
 },
 "47": {
  "mu_nd": 0,
  "mu_r0": 0.041,
  "mu_s": 0,
  "sigma_nd": 0,
  "sigma_r0": 0.007,
  "sigma_s": 0,
  "T": 8.7,
  "V": 0.12
 },
 "48": {
  "mu_nd": 0,
  "mu_r0": 0.022000000000000002,
  "mu_s": 0,
  "sigma_nd": 0,
  "sigma_r0": 0.003,
  "sigma_s": 0,
  "T": 8.6,
  "V": 0.060000000000000005
 },
 "49": {
  "mu_nd": 0,
  "mu_r0": 0.028,
  "mu_s": 0,
  "sigma_nd": 0,
  "sigma_r0": 0.006,
  "sigma_s": 0,
  "T": 10.0,
  "V": 0.05
 },
 "50": {
  "mu_nd": 0,
  "mu_r0": 0.026000000000000002,
  "mu_s": 0,
  "sigma_nd": 0,
  "sigma_r0": 0.004,
  "sigma_s": 0,
  "T": 10.0,
  "V": 0.08
 },
 "51": {
  "mu_nd": 0,
  "mu_r0": 0.041,
  "mu_s": 0,
  "sigma_nd": 0,
  "sigma_r0": 0.005,
  "sigma_s": 0,
  "T": 9.0,
  "V": 0.09999999999999999
 },
 "52": {
  "mu_nd": 0,
  "mu_r0": 0.035,
  "mu_s": 0,
  "sigma_nd": 0,
  "sigma_r0": 0.005,
  "sigma_s": 0,
  "T": 8.4,
  "V": 0.14
 },
 "53": {
  "mu_nd": 0,
  "mu_r0": 0.023,
  "mu_s": 0,
  "sigma_nd": 0,
  "sigma_r0": 0.003,
  "sigma_s": 0,
  "T": 9.4,
  "V": 0.060000000000000005
 },
 "54": {
  "mu_nd": 0,
  "mu_r0": 0.026000000000000002,
  "mu_s": 0,
  "sigma_nd": 0,
  "sigma_r0": 0.003,
  "sigma_s": 0,
  "T": 9.4,
  "V": 0.05
 },
 "55": {
  "mu_nd": 0,
  "mu_r0": 0.019000000000000003,
  "mu_s": 0,
  "sigma_nd": 0,
  "sigma_r0": 0.004,
  "sigma_s": 0,
  "T": 7.8,
  "V": 0.09
 },
 "56": {
  "mu_nd": 0,
  "mu_r0": 0.005,
  "mu_s": 0,
  "sigma_nd": 0,
  "sigma_r0": 0.001,
  "sigma_s": 0,
  "T": 2.4000000000000004,
  "V": 0.04
 },
 "57": {
  "mu_nd": 0,
  "mu_r0": 0.010000000000000002,
  "mu_s": 0,
  "sigma_nd": 0,
  "sigma_r0": 0.017,
  "sigma_s": 0,
  "T": 8.3,
  "V": 0.22
 },
 "58": {
  "mu_nd": 0,
  "mu_r0": 0.067,
  "mu_s": 0,
  "sigma_nd": 0,
  "sigma_r0": 0.001,
  "sigma_s": 0,
  "T": 10.0,
  "V": 0.18000000000000002
 },
 "59": {
  "mu_nd": 0,
  "mu_r0": 0.030000000000000002,
  "mu_s": 0,
  "sigma_nd": 0,
  "sigma_r0": 0.004,
  "sigma_s": 0,
  "T": 7.5,
  "V": 0.14
 },
 "60": {
  "mu_nd": 0,
  "mu_r0": 0.023,
  "mu_s": 0,
  "sigma_nd": 0,
  "sigma_r0": 0.001,
  "sigma_s": 0,
  "T": 10.0,
  "V": 0.06999999999999999
 },
 "61": {
  "mu_nd": 0,
  "mu_r0": 0.039,