{
 "1": {
  "ramp": 1.9500000000000002,
  "relative": 0.8,
  "threshold": 0.51
 },
 "2": {
  "ramp": 2.4299999999999997,
  "relative": 0.47000000000000003,
  "threshold": 0.35000000000000003
 },
 "3": {
  "ramp": 1.47,
  "relative": 0.92,
  "threshold": 0.14
 },
 "4": {
  "ramp": 2.54,
  "relative": 0.44,
  "threshold": 1.0
 },
 "5": {
  "ramp": 1.51,
  "relative": 0.49,
  "threshold": 0.37
 },
 "6": {
  "ramp": 2.6100000000000003,
  "relative": 0.89,
  "threshold": 0.23
 },
 "7": {
  "ramp": 2.88,
  "relative": 0.4,
  "threshold": 0.65
 },
 "9": {
  "ramp": 2.34,
  "relative": 0.07,
  "threshold": 0.65
 },
 "10": {
  "ramp": 1.83,
  "relative": 0.64,
  "threshold": 0.5800000000000001
 },
 "11": {
  "ramp": 2.05,
  "relative": 0.92,
  "threshold": 0.26
 },
 "13": {
  "ramp": 2.1,
  "relative": 0.56,
  "threshold": 0.36000000000000004
 },
 "14": {
  "ramp": 2.37,
  "relative": 0.16,
  "threshold": 0.8
 },
 "20": {
  "ramp": 1.33,
  "relative": 0.54,
  "threshold": 0.44
 },
 "21": {
  "ramp": 1.22,
  "relative": 0.14,
  "threshold": 0.59
 },
 "22": {
  "ramp": 2.27,
  "relative": 0.49,
  "threshold": 0.75
 },
 "23": {
  "ramp": 2.25,
  "relative": 0.49,
  "threshold": 0.27
 },
 "24": {
  "ramp": 2.48,
  "relative": 0.05,
  "threshold": 0.47000000000000003
 },
 "25": {
  "ramp": 1.76,
  "relative": 0.05,
  "threshold": 0.51
 },
 "26": {
  "ramp": 1.87,
  "relative": 0.13,
  "threshold": 0.68
 },
 "27": {
  "ramp": 2.67,
  "relative": 0.0,
  "threshold": 0.46
 },
 "28": {
  "ramp": 2.91,
  "relative": 0.2,
  "threshold": 0.65
 },
 "29": {
  "ramp": 2.23,
  "relative": 0.5700000000000001,
  "threshold": 0.48000000000000004
 },
 "30": {
  "ramp": 1.44,
  "relative": 0.12,
  "threshold": 0.64
 },
 "31": {
  "ramp": 1.08,
  "relative": 0.54,
  "threshold": 0.01
 },
 "32": {
  "ramp": 1.0,
  "relative": 0.45,
  "threshold": 0.06999999999999999
 },
 "33": {
  "ramp": 1.52,
  "relative": 0.24,
  "threshold": 0.64
 },
 "34": {
  "ramp": 1.33,
  "relative": 0.38,
  "threshold": 0.49
 },
 "35": {
  "ramp": 2.6500000000000004,
  "relative": 0.75,
  "threshold": 0.8200000000000001
 },
 "36": {
  "ramp": 2.35,
  "relative": 0.42,
  "threshold": 0.7100000000000001
 },
 "37": {
  "ramp": 1.3900000000000001,
  "relative": 0.05,
  "threshold": 0.72
 },
 "38": {
  "ramp": 2.3,
  "relative": 0.76,
  "threshold": 0.32
 },
 "39": {
  "ramp": 2.52,
  "relative": 0.08,
  "threshold": 0.48000000000000004
 },
 "40": {
  "ramp": 2.5,
  "relative": 0.13,
  "threshold": 0.8
 },
 "41": {
  "ramp": 2.44,
  "relative": 0.38,
  "threshold": 0.81
 },
 "42": {
  "ramp": 1.38,
  "relative": 0.46,
  "threshold": 0.4
 },
 "43": {
  "ramp": 1.4,
  "relative": 0.17,
  "threshold": 0.66
 },
 "44": {
  "ramp": 2.1500000000000004,
  "relative": 0.9500000000000001,
  "threshold": 0.33
 },
 "45": {
  "ramp": 2.51,
  "relative": 0.78,
  "threshold": 0.37
 },
 "46": {
  "ramp": 1.13,
  "relative": 0.48,
  "threshold": 0.31
 },
 "47": {
  "ramp": 1.6099999999999999,
  "relative": 0.71,
  "threshold": 0.23
 },
 "48": {
  "ramp": 1.74,
  "relative": 0.24,
  "threshold": 0.7000000000000001
 },
 "49": {
  "ramp": 1.21,
  "relative": 0.33,
  "threshold": 0.45
 },
 "50": {
  "ramp": 2.08,
  "relative": 0.25,
  "threshold": 0.76
 },
 "51": {
  "ramp": 2.84,
  "relative": 0.19,
  "threshold": 0.67
 },
 "52": {
  "ramp": 1.88,
  "relative": 0.74,
  "threshold": 0.3
 },
 "53": {
  "ramp": 2.12,
  "relative": 0.33,
  "threshold": 0.75
 },
 "54": {
  "ramp": 1.34,
  "relative": 0.19,
  "threshold": 0.56
 },
 "55": {
  "ramp": 2.33,
  "relative": 0.55,
  "threshold": 0.61
 },
 "56": {
  "ramp": 1.48,
  "relative": 0.8200000000000001,
  "threshold": 0.34
 },
 "57": {
  "ramp": 2.76,
  "relative": 0.76,
  "threshold": 0.44
 },
 "58": {
  "ramp": 2.39,
  "relative": 0.72,
  "threshold": 0.24000000000000002
 },
 "59": {
  "ramp": 1.54,
  "relative": 0.93,
  "threshold": 0.19
 },
 "60": {
  "ramp": 1.7000000000000002,
  "relative": 0.55,
  "threshold": 0.5800000000000001
 },
 "61": {
  "ramp": 1.35,
  "relative": 0.26,
  "threshold": 0.32
 },
 "62": {
  "ramp": 2.77,
  "relative": 0.5700000000000001,
  "threshold": 0.56
 }
}