{
 "1": {
  "mu_nd": 0,
  "mu_r0": 0.020999999999999998,
  "mu_s": 0,
  "sigma_nd": 0,
  "sigma_r0": 0.001,
  "sigma_s": 2.8000000000000003,
  "T": 9.3,
  "V": 0.08700000000000001
 },
 "2": {
  "mu_nd": 0,
  "mu_r0": 0.03,
  "mu_s": 0,
  "sigma_nd": 0,
  "sigma_r0": 0.001,
  "sigma_s": 0.1,
  "T": 5.2,
  "V": 0.08
 },
 "3": {
  "mu_nd": 0,
  "mu_r0": 0.028999999999999998,
  "mu_s": 0,
  "sigma_nd": 0,
  "sigma_r0": 0.003,
  "sigma_s": 0.1,
  "T": 5.800000000000001,
  "V": 0.14
 },
 "4": {
  "mu_nd": 0,
  "mu_r0": 0.01,
  "mu_s": 0,
  "sigma_nd": 0,
  "sigma_r0": 0.001,
  "sigma_s": 0.4,
  "T": 10.0,
  "V": 0.08
 },
 "5": {
  "mu_nd": 0,
  "mu_r0": 0.03,
  "mu_s": 0,
  "sigma_nd": 0,
  "sigma_r0": 0.001,
  "sigma_s": 2.2,
  "T": 8.3,
  "V": 0.08
 },
 "6": {
  "mu_nd": 0,
  "mu_r0": 0.028000000000000004,
  "mu_s": 0,
  "sigma_nd": 0,
  "sigma_r0": 0.007,
  "sigma_s": 0.2,
  "T": 4.4,
  "V": 0.115
 },
 "7": {
  "mu_nd": 0,
  "mu_r0": 0.03,
  "mu_s": 0,
  "sigma_nd": 0,
  "sigma_r0": 0.002,
  "sigma_s": 2.8000000000000003,
  "T": 8.3,
  "V": 0.092
 },
 "9": {
  "mu_nd": 0,
  "mu_r0": 0.028000000000000004,
  "mu_s": 0,
  "sigma_nd": 0,
  "sigma_r0": 0.001,
  "sigma_s": 0.4,
  "T": 7.6000000000000005,
  "V": 0.082
 },
 "10": {
  "mu_nd": 0,
  "mu_r0": 0.020999999999999998,
  "mu_s": 0,
  "sigma_nd": 0,
  "sigma_r0": 0.001,
  "sigma_s": 0.7000000000000001,
  "T": 9.9,
  "V": 0.08
 },
 "11": {
  "mu_nd": 0,
  "mu_r0": 0.024,
  "mu_s": 0,
  "sigma_nd": 0,
  "sigma_r0": 0.004,
  "sigma_s": 3.0,
  "T": 6.5,
  "V": 0.08
 },
 "13": {
  "mu_nd": 0,
  "mu_r0": 0.03,
  "mu_s": 0,
  "sigma_nd": 0,
  "sigma_r0": 0.005,
  "sigma_s": 0.4,
  "T": 6.5,
  "V": 0.083
 },
 "14": {
  "mu_nd": 0,
  "mu_r0": 0.028999999999999998,
  "mu_s": 0,
  "sigma_nd": 0,
  "sigma_r0": 0.001,
  "sigma_s": 2.2,
  "T": 10.0,
  "V": 0.081
 },
 "20": {
  "mu_nd": 0,
  "mu_r0": 0.023,
  "mu_s": 0,
  "sigma_nd": 0,
  "sigma_r0": 0.001,
  "sigma_s": 2.6,
  "T": 9.700000000000001,
  "V": 0.08
 },
 "21": {
  "mu_nd": 0,
  "mu_r0": 0.020999999999999998,
  "mu_s": 0,
  "sigma_nd": 0,
  "sigma_r0": 0.002,
  "sigma_s": 0.6,
  "T": 9.700000000000001,
  "V": 0.08
 },
 "22": {
  "mu_nd": 0,
  "mu_r0": 0.018000000000000002,
  "mu_s": 0,
  "sigma_nd": 0,
  "sigma_r0": 0.001,
  "sigma_s": 1.8000000000000003,
  "T": 9.200000000000001,
  "V": 0.096
 },
 "23": {
  "mu_nd": 0,
  "mu_r0": 0.03,
  "mu_s": 0,
  "sigma_nd": 0,
  "sigma_r0": 0.007,
  "sigma_s": 0.1,
  "T": 4.4,
  "V": 0.084
 },
 "24": {
  "mu_nd": 0,
  "mu_r0": 0.03,
  "mu_s": 0,
  "sigma_nd": 0,
  "sigma_r0": 0.001,
  "sigma_s": 0.5,
  "T": 5.7,
  "V": 0.08
 },
 "25": {
  "mu_nd": 0,
  "mu_r0": 0.03,
  "mu_s": 0,
  "sigma_nd": 0,
  "sigma_r0": 0.001,
  "sigma_s": 2.2,
  "T": 7.9,
  "V": 0.085
 },
 "26": {
  "mu_nd": 0,
  "mu_r0": 0.028999999999999998,
  "mu_s": 0,
  "sigma_nd": 0,
  "sigma_r0": 0.001,
  "sigma_s": 0.4,
  "T": 9.9,
  "V": 0.08
 },
 "27": {
  "mu_nd": 0,
  "mu_r0": 0.03,
  "mu_s": 0,
  "sigma_nd": 0,
  "sigma_r0": 0.002,
  "sigma_s": 0.1,
  "T": 4.7,
  "V": 0.08
 },
 "28": {
  "mu_nd": 0,
  "mu_r0": 0.03,
  "mu_s": 0,
  "sigma_nd": 0,
  "sigma_r0": 0.002,
  "sigma_s": 0.6,
  "T": 8.0,
  "V": 0.08
 },
 "29": {
  "mu_nd": 0,
  "mu_r0": 0.028999999999999998,
  "mu_s": 0,
  "sigma_nd": 0,
  "sigma_r0": 0.001,
  "sigma_s": 1.4000000000000001,
  "T": 8.7,
  "V": 0.089
 },
 "30": {
  "mu_nd": 0,
  "mu_r0": 0.024,
  "mu_s": 0,
  "sigma_nd": 0,
  "sigma_r0": 0.001,
  "sigma_s": 1.4000000000000001,
  "T": 10.0,
  "V": 0.08
 },
 "31": {
  "mu_nd": 0,
  "mu_r0": 0.03,
  "mu_s": 0,
  "sigma_nd": 0,
  "sigma_r0": 0.001,
  "sigma_s": 0.1,
  "T": 1.5,
  "V": 0.08
 },
 "32": {
  "mu_nd": 0,
  "mu_r0": 0.03,
  "mu_s": 0,
  "sigma_nd": 0,
  "sigma_r0": 0.009000000000000001,
  "sigma_s": 0.1,
  "T": 2.2,
  "V": 0.08
 },
 "33": {
  "mu_nd": 0,
  "mu_r0": 0.024,
  "mu_s": 0,
  "sigma_nd": 0,
  "sigma_r0": 0.001,
  "sigma_s": 2.2,
  "T": 10.0,
  "V": 0.08
 },
 "34": {
  "mu_nd": 0,
  "mu_r0": 0.025,
  "mu_s": 0,
  "sigma_nd": 0,
  "sigma_r0": 0.001,
  "sigma_s": 0.5,
  "T": 10.0,
  "V": 0.081
 },
 "35": {
  "mu_nd": 0,
  "mu_r0": 0.01,
  "mu_s": 0,
  "sigma_nd": 0,
  "sigma_r0": 0.003,
  "sigma_s": 0.2,
  "T": 10.0,
  "V": 0.091
 },
 "36": {
  "mu_nd": 0,
  "mu_r0": 0.025,
  "mu_s": 0,
  "sigma_nd": 0,
  "sigma_r0": 0.001,
  "sigma_s": 2.6,
  "T": 9.9,
  "V": 0.08
 },
 "37": {
  "mu_nd": 0,
  "mu_r0": 0.02,
  "mu_s": 0,
  "sigma_nd": 0,
  "sigma_r0": 0.002,
  "sigma_s": 0.4,
  "T": 9.6,
  "V": 0.08
 },
 "38": {
  "mu_nd": 0,
  "mu_r0": 0.028999999999999998,
  "mu_s": 0,
  "sigma_nd": 0,
  "sigma_r0": 0.003,
  "sigma_s": 3.0,
  "T": 6.300000000000001,
  "V": 0.092
 },
 "39": {
  "mu_nd": 0,
  "mu_r0": 0.03,
  "mu_s": 0,
  "sigma_nd": 0,
  "sigma_r0": 0.001,
  "sigma_s": 0.1,
  "T": 5.4,
  "V": 0.08
 },
 "40": {
  "mu_nd": 0,
  "mu_r0": 0.03,
  "mu_s": 0,
  "sigma_nd": 0,
  "sigma_r0": 0.001,
  "sigma_s": 0.8,
  "T": 9.6,
  "V": 0.08600000000000001
 },
 "41": {
  "mu_nd": 0,
  "mu_r0": 0.02,
  "mu_s": 0,
  "sigma_nd": 0,
  "sigma_r0": 0.002,
  "sigma_s": 0.5,
  "T": 9.4,
  "V": 0.088
 },
 "42": {
  "mu_nd": 0,
  "mu_r0": 0.03,
  "mu_s": 0,
  "sigma_nd": 0,
  "sigma_r0": 0.001,
  "sigma_s": 1.8000000000000003,
  "T": 10.0,
  "V": 0.08
 },
 "43": {
  "mu_nd": 0,
  "mu_r0": 0.020999999999999998,
  "mu_s": 0,
  "sigma_nd": 0,
  "sigma_r0": 0.001,
  "sigma_s": 0.7000000000000001,
  "T": 10.0,
  "V": 0.08
 },
 "44": {
  "mu_nd": 0,
  "mu_r0": 0.023,
  "mu_s": 0,
  "sigma_nd": 0,
  "sigma_r0": 0.005,
  "sigma_s": 3.0,
  "T": 7.0,
  "V": 0.082
 },
 "45": {
  "mu_nd": 0,
  "mu_r0": 0.03,
  "mu_s": 0,
  "sigma_nd": 0,
  "sigma_r0": 0.002,
  "sigma_s": 3.0,
  "T": 7.0,
  "V": 0.116
 },
 "46": {
  "mu_nd": 0,
  "mu_r0": 0.03,
  "mu_s": 0,
  "sigma_nd": 0,
  "sigma_r0": 0.001,
  "sigma_s": 0.1,
  "T": 9.9,
  "V": 0.08
 },
 "47": {
  "mu_nd": 0,
  "mu_r0": 0.03,
  "mu_s": 0,
  "sigma_nd": 0,
  "sigma_r0": 0.001,
  "sigma_s": 2.0,
  "T": 6.300000000000001,
  "V": 0.083
 },
 "48": {
  "mu_nd": 0,
  "mu_r0": 0.024,
  "mu_s": 0,
  "sigma_nd": 0,
  "sigma_r0": 0.001,
  "sigma_s": 0.5,
  "T": 10.0,
  "V": 0.081
 },
 "49": {
  "mu_nd": 0,
  "mu_r0": 0.026000000000000002,
  "mu_s": 0,
  "sigma_nd": 0,
  "sigma_r0": 0.002,
  "sigma_s": 2.1,
  "T": 10.0,
  "V": 0.081
 },
 "50": {
  "mu_nd": 0,
  "mu_r0": 0.025,
  "mu_s": 0,
  "sigma_nd": 0,
  "sigma_r0": 0.002,
  "sigma_s": 1.7000000000000002,
  "T": 10.0,
  "V": 0.08
 },
 "51": {
  "mu_nd": 0,
  "mu_r0": 0.03,
  "mu_s": 0,
  "sigma_nd": 0,
  "sigma_r0": 0.001,
  "sigma_s": 0.2,
  "T": 6.9,
  "V": 0.08
 },
 "52": {
  "mu_nd": 0,
  "mu_r0": 0.026000000000000002,
  "mu_s": 0,
  "sigma_nd": 0,
  "sigma_r0": 0.002,
  "sigma_s": 1.5000000000000002,
  "T": 5.7,
  "V": 0.083
 },
 "53": {
  "mu_nd": 0,
  "mu_r0": 0.024,
  "mu_s": 0,
  "sigma_nd": 0,
  "sigma_r0": 0.001,
  "sigma_s": 2.4000000000000004,
  "T": 9.9,
  "V": 0.081
 },
 "54": {
  "mu_nd": 0,
  "mu_r0": 0.024,
  "mu_s": 0,
  "sigma_nd": 0,
  "sigma_r0": 0.001,
  "sigma_s": 1.0,
  "T": 10.0,
  "V": 0.08
 },
 "55": {
  "mu_nd": 0,
  "mu_r0": 0.026000000000000002,
  "mu_s": 0,
  "sigma_nd": 0,
  "sigma_r0": 0.001,
  "sigma_s": 3.0,
  "T": 9.8,
  "V": 0.081
 },
 "56": {
  "mu_nd": 0,
  "mu_r0": 0.026000000000000002,
  "mu_s": 0,
  "sigma_nd": 0,
  "sigma_r0": 0.003,
  "sigma_s": 3.0,
  "T": 10.0,
  "V": 0.088
 },
 "57": {
  "mu_nd": 0,
  "mu_r0": 0.03,
  "mu_s": 0,
  "sigma_nd": 0,
  "sigma_r0": 0.003,
  "sigma_s": 2.7,
  "T": 7.1000000000000005,
  "V": 0.096
 },
 "58": {
  "mu_nd": 0,
  "mu_r0": 0.028999999999999998,
  "mu_s": 0,
  "sigma_nd": 0,
  "sigma_r0": 0.002,
  "sigma_s": 0.1,
  "T": 4.5,
  "V": 0.083
 },
 "59": {
  "mu_nd": 0,
  "mu_r0": 0.026000000000000002,
  "mu_s": 0,
  "sigma_nd": 0,
  "sigma_r0": 0.001,
  "sigma_s": 1.9000000000000001,
  "T": 6.4,
  "V": 0.109
 },
 "60": {
  "mu_nd": 0,
  "mu_r0": 0.02,
  "mu_s": 0,
  "sigma_nd": 0,
  "sigma_r0": 0.002,
  "sigma_s": 0.5,
  "T": 9.6,
  "V": 0.085
 },
 "61": {
  "mu_nd": 0,
  "mu_r0": 0.028999999999999998,
  "mu_s": 0,