{
 "1": {
  "mu_nd": 0,
  "mu_r0": 0.122,
  "mu_s": 0,
  "sigma_nd": 0,
  "sigma_r0": 0.011,
  "sigma_s": 0.7000000000000001,
  "T": 7.5,
  "V": 0.38
 },
 "2": {
  "mu_nd": 0,
  "mu_r0": 0.3,
  "mu_s": 0,
  "sigma_nd": 0,
  "sigma_r0": 0.03,
  "sigma_s": 0.2,
  "T": 4.9,
  "V": 0.2
 },
 "3": {
  "mu_nd": 0,
  "mu_r0": 0.27,
  "mu_s": 0,
  "sigma_nd": 0,
  "sigma_r0": 0.046000000000000006,
  "sigma_s": 1.0,
  "T": 5.0,
  "V": 0.32
 },
 "4": {
  "mu_nd": 0,
  "mu_r0": 0.1,
  "mu_s": 0,
  "sigma_nd": 0,
  "sigma_r0": 0.077,
  "sigma_s": 0.7000000000000001,
  "T": 10.0,
  "V": 0.2
 },
 "5": {
  "mu_nd": 0,
  "mu_r0": 0.278,
  "mu_s": 0,
  "sigma_nd": 0,
  "sigma_r0": 0.011,
  "sigma_s": 0.7000000000000001,
  "T": 7.7,
  "V": 0.28
 },
 "6": {
  "mu_nd": 0,
  "mu_r0": 0.259,
  "mu_s": 0,
  "sigma_nd": 0,
  "sigma_r0": 0.04,
  "sigma_s": 0.1,
  "T": 3.8000000000000003,
  "V": 0.31
 },
 "7": {
  "mu_nd": 0,
  "mu_r0": 0.267,
  "mu_s": 0,
  "sigma_nd": 0,
  "sigma_r0": 0.060000000000000005,
  "sigma_s": 0.7000000000000001,
  "T": 7.2,
  "V": 0.30000000000000004
 },
 "9": {
  "mu_nd": 0,
  "mu_r0": 0.29700000000000004,
  "mu_s": 0,
  "sigma_nd": 0,
  "sigma_r0": 0.08499999999999999,
  "sigma_s": 0.30000000000000004,
  "T": 7.4,
  "V": 0.2
 },
 "10": {
  "mu_nd": 0,
  "mu_r0": 0.245,
  "mu_s": 0,
  "sigma_nd": 0,
  "sigma_r0": 0.016,
  "sigma_s": 0.30000000000000004,
  "T": 10.0,
  "V": 0.2
 },
 "11": {
  "mu_nd": 0,
  "mu_r0": 0.14200000000000002,
  "mu_s": 0,
  "sigma_nd": 0,
  "sigma_r0": 0.039,
  "sigma_s": 0.7000000000000001,
  "T": 5.4,
  "V": 0.41000000000000003
 },
 "13": {
  "mu_nd": 0,
  "mu_r0": 0.26,
  "mu_s": 0,
  "sigma_nd": 0,
  "sigma_r0": 0.039,
  "sigma_s": 0.2,
  "T": 5.4,
  "V": 0.2
 },
 "14": {
  "mu_nd": 0,
  "mu_r0": 0.29800000000000004,
  "mu_s": 0,
  "sigma_nd": 0,
  "sigma_r0": 0.078,
  "sigma_s": 0.7000000000000001,
  "T": 9.9,
  "V": 0.23
 },
 "20": {
  "mu_nd": 0,
  "mu_r0": 0.258,
  "mu_s": 0,
  "sigma_nd": 0,
  "sigma_r0": 0.028000000000000004,
  "sigma_s": 0.30000000000000004,
  "T": 9.8,
  "V": 0.2
 },
 "21": {
  "mu_nd": 0,
  "mu_r0": 0.253,
  "mu_s": 0,
  "sigma_nd": 0,
  "sigma_r0": 0.01,
  "sigma_s": 0.1,
  "T": 10.0,
  "V": 0.2
 },
 "22": {
  "mu_nd": 0,
  "mu_r0": 0.252,
  "mu_s": 0,
  "sigma_nd": 0,
  "sigma_r0": 0.013000000000000001,
  "sigma_s": 0.2,
  "T": 10.0,
  "V": 0.2
 },
 "23": {
  "mu_nd": 0,
  "mu_r0": 0.28500000000000003,
  "mu_s": 0,
  "sigma_nd": 0,
  "sigma_r0": 0.077,
  "sigma_s": 0.2,
  "T": 4.1,
  "V": 0.23
 },
 "24": {
  "mu_nd": 0,
  "mu_r0": 0.3,
  "mu_s": 0,
  "sigma_nd": 0,
  "sigma_r0": 0.012,
  "sigma_s": 0.1,
  "T": 5.6000000000000005,
  "V": 0.2
 },
 "25": {
  "mu_nd": 0,
  "mu_r0": 0.266,
  "mu_s": 0,
  "sigma_nd": 0,
  "sigma_r0": 0.089,
  "sigma_s": 0.7000000000000001,
  "T": 6.800000000000001,
  "V": 0.22
 },
 "26": {
  "mu_nd": 0,
  "mu_r0": 0.29700000000000004,
  "mu_s": 0,
  "sigma_nd": 0,
  "sigma_r0": 0.01,
  "sigma_s": 0.1,
  "T": 9.3,
  "V": 0.2
 },
 "27": {
  "mu_nd": 0,
  "mu_r0": 0.3,
  "mu_s": 0,
  "sigma_nd": 0,
  "sigma_r0": 0.016,
  "sigma_s": 0.1,
  "T": 4.4,
  "V": 0.2
 },
 "28": {
  "mu_nd": 0,
  "mu_r0": 0.29700000000000004,
  "mu_s": 0,
  "sigma_nd": 0,
  "sigma_r0": 0.012,
  "sigma_s": 0.1,
  "T": 6.9,
  "V": 0.2
 },
 "29": {
  "mu_nd": 0,
  "mu_r0": 0.279,
  "mu_s": 0,
  "sigma_nd": 0,
  "sigma_r0": 0.041,
  "sigma_s": 1.0,
  "T": 7.800000000000001,
  "V": 0.25
 },
 "30": {
  "mu_nd": 0,
  "mu_r0": 0.272,
  "mu_s": 0,
  "sigma_nd": 0,
  "sigma_r0": 0.017,
  "sigma_s": 0.1,
  "T": 10.0,
  "V": 0.2
 },
 "31": {
  "mu_nd": 0,
  "mu_r0": 0.3,
  "mu_s": 0,
  "sigma_nd": 0,
  "sigma_r0": 0.020999999999999998,
  "sigma_s": 0.1,
  "T": 1.4,
  "V": 0.2
 },
 "32": {
  "mu_nd": 0,
  "mu_r0": 0.3,
  "mu_s": 0,
  "sigma_nd": 0,
  "sigma_r0": 0.038,
  "sigma_s": 0.6,
  "T": 2.0,
  "V": 0.2
 },
 "33": {
  "mu_nd": 0,
  "mu_r0": 0.254,
  "mu_s": 0,
  "sigma_nd": 0,
  "sigma_r0": 0.017,
  "sigma_s": 0.2,
  "T": 10.0,
  "V": 0.24000000000000002
 },
 "34": {
  "mu_nd": 0,
  "mu_r0": 0.28300000000000003,
  "mu_s": 0,
  "sigma_nd": 0,
  "sigma_r0": 0.015,
  "sigma_s": 0.1,
  "T": 10.0,
  "V": 0.2
 },
 "35": {
  "mu_nd": 0,
  "mu_r0": 0.1,
  "mu_s": 0,
  "sigma_nd": 0,
  "sigma_r0": 0.012,
  "sigma_s": 0.8,
  "T": 8.4,
  "V": 0.23
 },
 "36": {
  "mu_nd": 0,
  "mu_r0": 0.21900000000000003,
  "mu_s": 0,
  "sigma_nd": 0,
  "sigma_r0": 0.049,
  "sigma_s": 0.9,
  "T": 8.100000000000001,
  "V": 0.22
 },
 "37": {
  "mu_nd": 0,
  "mu_r0": 0.1,
  "mu_s": 0,
  "sigma_nd": 0,
  "sigma_r0": 0.063,
  "sigma_s": 1.0,
  "T": 9.700000000000001,
  "V": 0.49
 },
 "38": {
  "mu_nd": 0,
  "mu_r0": 0.24200000000000002,
  "mu_s": 0,
  "sigma_nd": 0,
  "sigma_r0": 0.01,
  "sigma_s": 1.0,
  "T": 5.7,
  "V": 0.36
 },
 "39": {
  "mu_nd": 0,
  "mu_r0": 0.29700000000000004,
  "mu_s": 0,
  "sigma_nd": 0,
  "sigma_r0": 0.015,
  "sigma_s": 0.1,
  "T": 5.4,
  "V": 0.2
 },
 "40": {
  "mu_nd": 0,
  "mu_r0": 0.29500000000000004,
  "mu_s": 0,
  "sigma_nd": 0,
  "sigma_r0": 0.089,
  "sigma_s": 0.1,
  "T": 8.8,
  "V": 0.21000000000000002
 },
 "41": {
  "mu_nd": 0,
  "mu_r0": 0.25,
  "mu_s": 0,
  "sigma_nd": 0,
  "sigma_r0": 0.071,
  "sigma_s": 0.6,
  "T": 10.0,
  "V": 0.2
 },
 "42": {
  "mu_nd": 0,
  "mu_r0": 0.28800000000000003,
  "mu_s": 0,
  "sigma_nd": 0,
  "sigma_r0": 0.028000000000000004,
  "sigma_s": 0.2,
  "T": 9.1,
  "V": 0.2
 },
 "43": {
  "mu_nd": 0,
  "mu_r0": 0.248,
  "mu_s": 0,
  "sigma_nd": 0,
  "sigma_r0": 0.01,
  "sigma_s": 0.1,
  "T": 10.0,
  "V": 0.2
 },
 "44": {
  "mu_nd": 0,
  "mu_r0": 0.21700000000000003,
  "mu_s": 0,
  "sigma_nd": 0,
  "sigma_r0": 0.055,
  "sigma_s": 1.0,
  "T": 7.800000000000001,
  "V": 0.48000000000000004
 },
 "45": {
  "mu_nd": 0,
  "mu_r0": 0.137,
  "mu_s": 0,
  "sigma_nd": 0,
  "sigma_r0": 0.011,
  "sigma_s": 1.0,
  "T": 3.5,
  "V": 0.2
 },
 "46": {
  "mu_nd": 0,
  "mu_r0": 0.29200000000000004,
  "mu_s": 0,
  "sigma_nd": 0,
  "sigma_r0": 0.023,
  "sigma_s": 1.0,
  "T": 8.9,
  "V": 0.2
 },
 "47": {
  "mu_nd": 0,
  "mu_r0": 0.29200000000000004,
  "mu_s": 0,
  "sigma_nd": 0,
  "sigma_r0": 0.046000000000000006,
  "sigma_s": 1.0,
  "T": 6.1000000000000005,
  "V": 0.22
 },
 "48": {
  "mu_nd": 0,
  "mu_r0": 0.274,
  "mu_s": 0,
  "sigma_nd": 0,
  "sigma_r0": 0.05,
  "sigma_s": 0.1,
  "T": 10.0,
  "V": 0.2
 },
 "49": {
  "mu_nd": 0,
  "mu_r0": 0.28200000000000003,
  "mu_s": 0,
  "sigma_nd": 0,
  "sigma_r0": 0.027000000000000003,
  "sigma_s": 0.9,
  "T": 10.0,
  "V": 0.2
 },
 "50": {
  "mu_nd": 0,
  "mu_r0": 0.275,
  "mu_s": 0,
  "sigma_nd": 0,
  "sigma_r0": 0.052000000000000005,
  "sigma_s": 0.1,
  "T": 10.0,
  "V": 0.2
 },
 "51": {
  "mu_nd": 0,
  "mu_r0": 0.277,
  "mu_s": 0,
  "sigma_nd": 0,
  "sigma_r0": 0.044000000000000004,
  "sigma_s": 0.1,
  "T": 6.2,
  "V": 0.2
 },
 "52": {
  "mu_nd": 0,
  "mu_r0": 0.23700000000000002,
  "mu_s": 0,
  "sigma_nd": 0,
  "sigma_r0": 0.020999999999999998,
  "sigma_s": 1.0,
  "T": 5.2,
  "V": 0.23
 },
 "53": {
  "mu_nd": 0,
  "mu_r0": 0.25,
  "mu_s": 0,
  "sigma_nd": 0,
  "sigma_r0": 0.026000000000000002,
  "sigma_s": 0.4,
  "T": 9.4,
  "V": 0.21000000000000002
 },
 "54": {
  "mu_nd": 0,
  "mu_r0": 0.276,
  "mu_s": 0,
  "sigma_nd": 0,
  "sigma_r0": 0.017,
  "sigma_s": 0.2,
  "T": 10.0,
  "V": 0.2
 },
 "55": {
  "mu_nd": 0,
  "mu_r0": 0.275,
  "mu_s": 0,
  "sigma_nd": 0,
  "sigma_r0": 0.063,
  "sigma_s": 0.8,
  "T": 9.6,
  "V": 0.21000000000000002
 },
 "56": {
  "mu_nd": 0,
  "mu_r0": 0.248,
  "mu_s": 0,
  "sigma_nd": 0,
  "sigma_r0": 0.057,
  "sigma_s": 0.5,
  "T": 9.9,
  "V": 0.48000000000000004
 },
 "57": {
  "mu_nd": 0,
  "mu_r0": 0.29000000000000004,
  "mu_s": 0,
  "sigma_nd": 0,
  "sigma_r0": 0.075,
  "sigma_s": 1.0,
  "T": 6.9,
  "V": 0.30000000000000004
 },
 "58": {
  "mu_nd": 0,
  "mu_r0": 0.29400000000000004,
  "mu_s": 0,
  "sigma_nd": 0,
  "sigma_r0": 0.032,
  "sigma_s": 0.5,
  "T": 4.4,
  "V": 0.24000000000000002
 },
 "59": {
  "mu_nd": 0,
  "mu_r0": 0.24000000000000002,
  "mu_s": 0,
  "sigma_nd": 0,
  "sigma_r0": 0.01,
  "sigma_s": 1.0,