{
 "1": {
  "mu_nd": 3.0,
  "mu_r0": 0.17,
  "mu_s": 0,
  "sigma_nd": 0,
  "sigma_r0": 0.03,
  "sigma_s": 0.3,
  "T": 0.5700000000000001,
  "V": 0.01
 },
 "2": {
  "mu_nd": 5.0,
  "mu_r0": 0.28,
  "mu_s": 0,
  "sigma_nd": 0,
  "sigma_r0": 0.2,
  "sigma_s": 0.03,
  "T": 0.216,
  "V": 0.12
 },
 "3": {
  "mu_nd": 1.0,
  "mu_r0": 0.27,
  "mu_s": 0,
  "sigma_nd": 0,
  "sigma_r0": 0.15000000000000002,
  "sigma_s": 0.060000000000000005,
  "T": 0.578,
  "V": 0.22
 },
 "4": {
  "mu_nd": 4.0,
  "mu_r0": 0.05,
  "mu_s": 0,
  "sigma_nd": 0,
  "sigma_r0": 0.02,
  "sigma_s": 0.15000000000000002,
  "T": 0.601,
  "V": 0.060000000000000005
 },
 "5": {
  "mu_nd": 4.0,
  "mu_r0": 0.38,
  "mu_s": 0,
  "sigma_nd": 0,
  "sigma_r0": 0.06999999999999999,
  "sigma_s": 0.29000000000000004,
  "T": 0.731,
  "V": 0.09999999999999999
 },
 "6": {
  "mu_nd": 2.0,
  "mu_r0": 0.2,
  "mu_s": 0,
  "sigma_nd": 0,
  "sigma_r0": 0.18000000000000002,
  "sigma_s": 0.25,
  "T": 0.623,
  "V": 0.3
 },
 "7": {
  "mu_nd": 0.0,
  "mu_r0": 0.37,
  "mu_s": 0,
  "sigma_nd": 0,
  "sigma_r0": 0.04,
  "sigma_s": 0.3,
  "T": 0.925,
  "V": 0.09
 },
 "9": {
  "mu_nd": 5.0,
  "mu_r0": 0.39,
  "mu_s": 0,
  "sigma_nd": 0,
  "sigma_r0": 0.15000000000000002,
  "sigma_s": 0.26,
  "T": 0.8210000000000001,
  "V": 0.3
 },
 "10": {
  "mu_nd": 13.0,
  "mu_r0": 0.46,
  "mu_s": 0,
  "sigma_nd": 0,
  "sigma_r0": 0.02,
  "sigma_s": 0.28,
  "T": 0.6990000000000001,
  "V": 0.14
 },
 "11": {
  "mu_nd": 0.0,
  "mu_r0": 0.3,
  "mu_s": 0,
  "sigma_nd": 0,
  "sigma_r0": 0.09,
  "sigma_s": 0.25,
  "T": 0.889,
  "V": 0.23
 },
 "13": {
  "mu_nd": 4.0,
  "mu_r0": 0.5,
  "mu_s": 0,
  "sigma_nd": 0,
  "sigma_r0": 0.08,
  "sigma_s": 0.25,
  "T": 0.633,
  "V": 0.12
 },
 "14": {
  "mu_nd": 0.0,
  "mu_r0": 0.27,
  "mu_s": 0,
  "sigma_nd": 0,
  "sigma_r0": 0.04,
  "sigma_s": 0.09,
  "T": 0.866,
  "V": 0.06999999999999999
 },
 "20": {
  "mu_nd": 9.0,
  "mu_r0": 0.35000000000000003,
  "mu_s": 0,
  "sigma_nd": 0,
  "sigma_r0": 0.01,
  "sigma_s": 0.29000000000000004,
  "T": 0.636,
  "V": 0.09999999999999999
 },
 "21": {
  "mu_nd": 9.0,
  "mu_r0": 0.45,
  "mu_s": 0,
  "sigma_nd": 0,
  "sigma_r0": 0.02,
  "sigma_s": 0.11,
  "T": 0.936,
  "V": 0.14
 },
 "22": {
  "mu_nd": 12.0,
  "mu_r0": 0.5,
  "mu_s": 0,
  "sigma_nd": 0,
  "sigma_r0": 0.13,
  "sigma_s": 0.27,
  "T": 0.772,
  "V": 0.03
 },
 "23": {
  "mu_nd": 3.0,
  "mu_r0": 0.49,
  "mu_s": 0,
  "sigma_nd": 0,
  "sigma_r0": 0.18000000000000002,
  "sigma_s": 0.25,
  "T": 0.421,
  "V": 0.14
 },
 "24": {
  "mu_nd": 7.0,
  "mu_r0": 0.03,
  "mu_s": 0,
  "sigma_nd": 0,
  "sigma_r0": 0.060000000000000005,
  "sigma_s": 0.21000000000000002,
  "T": 0.28700000000000003,
  "V": 0.18000000000000002
 },
 "25": {
  "mu_nd": 3.0,
  "mu_r0": 0.49,
  "mu_s": 0,
  "sigma_nd": 0,
  "sigma_r0": 0.09,
  "sigma_s": 0.24000000000000002,
  "T": 0.969,
  "V": 0.23
 },
 "26": {
  "mu_nd": 0,
  "mu_r0": 0.03,
  "mu_s": 0,
  "sigma_nd": 0,
  "sigma_r0": 0.01,
  "sigma_s": 0.27,
  "T": 9.999,
  "V": 0.02
 },
 "27": {
  "mu_nd": 0,
  "mu_r0": 0.06999999999999999,
  "mu_s": 0,
  "sigma_nd": 0,
  "sigma_r0": 0.01,
  "sigma_s": 0.16,
  "T": 9.689,
  "V": 0.09
 },
 "28": {
  "mu_nd": 6.0,
  "mu_r0": 0.42000000000000004,
  "mu_s": 0,
  "sigma_nd": 0,
  "sigma_r0": 0.04,
  "sigma_s": 0.13,
  "T": 0.528,
  "V": 0.14
 },
 "29": {
  "mu_nd": 1.0,
  "mu_r0": 0.4,
  "mu_s": 0,
  "sigma_nd": 0,
  "sigma_r0": 0.060000000000000005,
  "sigma_s": 0.09999999999999999,
  "T": 0.924,
  "V": 0.11
 },
 "30": {
  "mu_nd": 12.0,
  "mu_r0": 0.47000000000000003,
  "mu_s": 0,
  "sigma_nd": 0,
  "sigma_r0": 0.03,
  "sigma_s": 0.28,
  "T": 0.626,
  "V": 0.21000000000000002
 },
 "31": {
  "mu_nd": 1.0,
  "mu_r0": 0.4,
  "mu_s": 0,
  "sigma_nd": 0,
  "sigma_r0": 0.06999999999999999,
  "sigma_s": 0.08,
  "T": 0.178,
  "V": 0.2
 },
 "32": {
  "mu_nd": 2.0,
  "mu_r0": 0.48000000000000004,
  "mu_s": 0,
  "sigma_nd": 0,
  "sigma_r0": 0.19,
  "sigma_s": 0.25,
  "T": 0.28900000000000003,
  "V": 0.22
 },
 "33": {
  "mu_nd": 6.0,
  "mu_r0": 0.32,
  "mu_s": 0,
  "sigma_nd": 0,
  "sigma_r0": 0.01,
  "sigma_s": 0.27,
  "T": 0.8210000000000001,
  "V": 0.03
 },
 "34": {
  "mu_nd": 7.0,
  "mu_r0": 0.29000000000000004,
  "mu_s": 0,
  "sigma_nd": 0,
  "sigma_r0": 0.05,
  "sigma_s": 0.15000000000000002,
  "T": 0.619,
  "V": 0.06999999999999999
 },
 "35": {
  "mu_nd": 0.0,
  "mu_r0": 0.03,
  "mu_s": 0,
  "sigma_nd": 0,
  "sigma_r0": 0.08,
  "sigma_s": 0.26,
  "T": 0.89,
  "V": 0.06999999999999999
 },
 "36": {
  "mu_nd": 4.0,
  "mu_r0": 0.35000000000000003,
  "mu_s": 0,
  "sigma_nd": 0,
  "sigma_r0": 0.03,
  "sigma_s": 0.05,
  "T": 0.937,
  "V": 0.14
 },
 "37": {
  "mu_nd": 11.0,
  "mu_r0": 0.45,
  "mu_s": 0,
  "sigma_nd": 0,
  "sigma_r0": 0.2,
  "sigma_s": 0.27,
  "T": 0.848,
  "V": 0.05
 },
 "38": {
  "mu_nd": 1.0,
  "mu_r0": 0.37,
  "mu_s": 0,
  "sigma_nd": 0,
  "sigma_r0": 0.01,
  "sigma_s": 0.3,
  "T": 0.6920000000000001,
  "V": 0.09
 },
 "39": {
  "mu_nd": 6.0,
  "mu_r0": 0.42000000000000004,
  "mu_s": 0,
  "sigma_nd": 0,
  "sigma_r0": 0.05,
  "sigma_s": 0.2,
  "T": 0.317,
  "V": 0.14
 },
 "40": {
  "mu_nd": 5.0,
  "mu_r0": 0.47000000000000003,
  "mu_s": 0,
  "sigma_nd": 0,
  "sigma_r0": 0.11,
  "sigma_s": 0.04,
  "T": 0.897,
  "V": 0.15000000000000002
 },
 "41": {
  "mu_nd": 6.0,
  "mu_r0": 0.34,
  "mu_s": 0,
  "sigma_nd": 0,
  "sigma_r0": 0.09999999999999999,
  "sigma_s": 0.09,
  "T": 0.909,
  "V": 0.13
 },
 "42": {
  "mu_nd": 10.0,
  "mu_r0": 0.3,
  "mu_s": 0,
  "sigma_nd": 0,
  "sigma_r0": 0.02,
  "sigma_s": 0.26,
  "T": 0.4,
  "V": 0.02
 },
 "43": {
  "mu_nd": 14.0,
  "mu_r0": 0.4,
  "mu_s": 0,
  "sigma_nd": 0,
  "sigma_r0": 0.11,
  "sigma_s": 0.22,
  "T": 0.5740000000000001,
  "V": 0.14
 },
 "44": {
  "mu_nd": 2.0,
  "mu_r0": 0.01,
  "mu_s": 0,
  "sigma_nd": 0,
  "sigma_r0": 0.17,
  "sigma_s": 0.17,
  "T": 0.902,
  "V": 0.26
 },
 "45": {
  "mu_nd": 0.0,
  "mu_r0": 0.37,
  "mu_s": 0,
  "sigma_nd": 0,
  "sigma_r0": 0.03,
  "sigma_s": 0.28,
  "T": 0.76,
  "V": 0.11
 },
 "46": {
  "mu_nd": 8.0,
  "mu_r0": 0.43,
  "mu_s": 0,
  "sigma_nd": 0,
  "sigma_r0": 0.12,
  "sigma_s": 0.3,
  "T": 0.5720000000000001,
  "V": 0.09
 },
 "47": {
  "mu_nd": 3.0,
  "mu_r0": 0.41000000000000003,
  "mu_s": 0,
  "sigma_nd": 0,
  "sigma_r0": 0.16,
  "sigma_s": 0.29000000000000004,
  "T": 0.582,
  "V": 0.03
 },
 "48": {
  "mu_nd": 6.0,
  "mu_r0": 0.27,
  "mu_s": 0,
  "sigma_nd": 0,
  "sigma_r0": 0.06999999999999999,
  "sigma_s": 0.15000000000000002,
  "T": 0.726,
  "V": 0.08
 },
 "49": {
  "mu_nd": 5.0,
  "mu_r0": 0.39,
  "mu_s": 0,
  "sigma_nd": 0,
  "sigma_r0": 0.09,
  "sigma_s": 0.27,
  "T": 0.982,
  "V": 0.060000000000000005
 },
 "50": {
  "mu_nd": 6.0,
  "mu_r0": 0.35000000000000003,
  "mu_s": 0,
  "sigma_nd": 0,
  "sigma_r0": 0.060000000000000005,
  "sigma_s": 0.27,
  "T": 0.879,
  "V": 0.04
 },
 "51": {
  "mu_nd": 5.0,
  "mu_r0": 0.14,
  "mu_s": 0,
  "sigma_nd": 0,
  "sigma_r0": 0.12,
  "sigma_s": 0.05,
  "T": 0.602,
  "V": 0.29000000000000004
 },
 "52": {
  "mu_nd": 3.0,
  "mu_r0": 0.15000000000000002,
  "mu_s": 0,
  "sigma_nd": 0,
  "sigma_r0": 0.01,
  "sigma_s": 0.02,
  "T": 0.68,
  "V": 0.28
 },
 "53": {
  "mu_nd": 8.0,
  "mu_r0": 0.25,
  "mu_s": 0,
  "sigma_nd": 0,
  "sigma_r0": 0.02,
  "sigma_s": 0.22,
  "T": 0.53,
  "V": 0.01
 },
 "54": {
  "mu_nd": 9.0,
  "mu_r0": 0.35000000000000003,
  "mu_s": 0,
  "sigma_nd": 0,
  "sigma_r0": 0.01,
  "sigma_s": 0.27,
  "T": 0.617,
  "V": 0.03
 },
 "55": {
  "mu_nd": 8.0,
  "mu_r0": 0.32,
  "mu_s": 0,
  "sigma_nd": 0,
  "sigma_r0": 0.06999999999999999,
  "sigma_s": 0.29000000000000004,
  "T": 0.886,
  "V": 0.28
 },
 "56": {
  "mu_nd": 1.0,
  "mu_r0": 0.18000000000000002,
  "mu_s": 0,
  "sigma_nd": 0,
  "sigma_r0": 0.09999999999999999,
  "sigma_s": 0.2,
  "T": 0.606,
  "V": 0.05
 },
 "57": {
  "mu_nd": 2.0,
  "mu_r0": 0.46,
  "mu_s": 0,
  "sigma_nd": 0,
  "sigma_r0": 0.09,
  "sigma_s": 0.23,
  "T": 0.892,
  "V": 0.24000000000000002
 },
 "58": {
  "mu_nd": 0.0,
  "mu_r0": 0.45,
  "mu_s": 0,
  "sigma_nd": 0,