{
 "1": {
  "mu_nd": 0,
  "mu_r0": 0.046,
  "mu_s": 0,
  "sigma_nd": 0,
  "sigma_r0": 0.035,
  "sigma_s": 0,
  "T": 19.7,
  "V": 0.13
 },
 "2": {
  "mu_nd": 0,
  "mu_r0": 0.12000000000000001,
  "mu_s": 0,
  "sigma_nd": 0,
  "sigma_r0": 0.026000000000000002,
  "sigma_s": 0,
  "T": 18.6,
  "V": 0.12000000000000001
 },
 "3": {
  "mu_nd": 0,
  "mu_r0": 0.059000000000000004,
  "mu_s": 0,
  "sigma_nd": 0,
  "sigma_r0": 0.030000000000000002,
  "sigma_s": 0,
  "T": 14.3,
  "V": 0.41000000000000003
 },
 "4": {
  "mu_nd": 0,
  "mu_r0": 0.010000000000000002,
  "mu_s": 0,
  "sigma_nd": 0,
  "sigma_r0": 0.004,
  "sigma_s": 0,
  "T": 20.0,
  "V": 0.19
 },
 "5": {
  "mu_nd": 0,
  "mu_r0": 0.053000000000000005,
  "mu_s": 0,
  "sigma_nd": 0,
  "sigma_r0": 0.013000000000000001,
  "sigma_s": 0,
  "T": 14.100000000000001,
  "V": 0.13
 },
 "6": {
  "mu_nd": 0,
  "mu_r0": 0.089,
  "mu_s": 0,
  "sigma_nd": 0,
  "sigma_r0": 0.021,
  "sigma_s": 0,
  "T": 13.9,
  "V": 0.36
 },
 "7": {
  "mu_nd": 0,
  "mu_r0": 0.064,
  "mu_s": 0,
  "sigma_nd": 0,
  "sigma_r0": 0.015,
  "sigma_s": 0,
  "T": 17.7,
  "V": 0.23
 },
 "9": {
  "mu_nd": 0,
  "mu_r0": 0.064,
  "mu_s": 0,
  "sigma_nd": 0,
  "sigma_r0": 0.019000000000000003,
  "sigma_s": 0,
  "T": 15.5,
  "V": 0.11
 },
 "10": {
  "mu_nd": 0,
  "mu_r0": 0.046,
  "mu_s": 0,
  "sigma_nd": 0,
  "sigma_r0": 0.001,
  "sigma_s": 0,
  "T": 19.900000000000002,
  "V": 0.1
 },
 "11": {
  "mu_nd": 0,
  "mu_r0": 0.035,
  "mu_s": 0,
  "sigma_nd": 0,
  "sigma_r0": 0.082,
  "sigma_s": 0,
  "T": 18.900000000000002,
  "V": 0.33999999999999997
 },
 "13": {
  "mu_nd": 0,
  "mu_r0": 0.056,
  "mu_s": 0,
  "sigma_nd": 0,
  "sigma_r0": 0.009000000000000001,
  "sigma_s": 0,
  "T": 11.600000000000001,
  "V": 0.14
 },
 "14": {
  "mu_nd": 0,
  "mu_r0": 0.057,
  "mu_s": 0,
  "sigma_nd": 0,
  "sigma_r0": 0.007,
  "sigma_s": 0,
  "T": 19.1,
  "V": 0.14
 },
 "20": {
  "mu_nd": 0,
  "mu_r0": 0.054,
  "mu_s": 0,
  "sigma_nd": 0,
  "sigma_r0": 0.010000000000000002,
  "sigma_s": 0,
  "T": 20.0,
  "V": 0.1
 },
 "21": {
  "mu_nd": 0,
  "mu_r0": 0.047,
  "mu_s": 0,
  "sigma_nd": 0,
  "sigma_r0": 0.001,
  "sigma_s": 0,
  "T": 20.0,
  "V": 0.1
 },
 "22": {
  "mu_nd": 0,
  "mu_r0": 0.047,
  "mu_s": 0,
  "sigma_nd": 0,
  "sigma_r0": 0.001,
  "sigma_s": 0,
  "T": 20.0,
  "V": 0.1
 },
 "23": {
  "mu_nd": 0,
  "mu_r0": 0.134,
  "mu_s": 0,
  "sigma_nd": 0,
  "sigma_r0": 0.044000000000000004,
  "sigma_s": 0,
  "T": 18.7,
  "V": 0.28
 },
 "24": {
  "mu_nd": 0,
  "mu_r0": 0.101,
  "mu_s": 0,
  "sigma_nd": 0,
  "sigma_r0": 0.003,
  "sigma_s": 0,
  "T": 18.6,
  "V": 0.17
 },
 "25": {
  "mu_nd": 0,
  "mu_r0": 0.069,
  "mu_s": 0,
  "sigma_nd": 0,
  "sigma_r0": 0.012,
  "sigma_s": 0,
  "T": 18.900000000000002,
  "V": 0.24000000000000002
 },
 "26": {
  "mu_nd": 0,
  "mu_r0": 0.062,
  "mu_s": 0,
  "sigma_nd": 0,
  "sigma_r0": 0.001,
  "sigma_s": 0,
  "T": 20.0,
  "V": 0.1
 },
 "27": {
  "mu_nd": 0,
  "mu_r0": 0.137,
  "mu_s": 0,
  "sigma_nd": 0,
  "sigma_r0": 0.031,
  "sigma_s": 0,
  "T": 19.1,
  "V": 0.11
 },
 "28": {
  "mu_nd": 0,
  "mu_r0": 0.08,
  "mu_s": 0,
  "sigma_nd": 0,
  "sigma_r0": 0.012,
  "sigma_s": 0,
  "T": 18.7,
  "V": 0.13
 },
 "29": {
  "mu_nd": 0,
  "mu_r0": 0.001,
  "mu_s": 0,
  "sigma_nd": 0,
  "sigma_r0": 0.054,
  "sigma_s": 0,
  "T": 19.400000000000002,
  "V": 0.4
 },
 "30": {
  "mu_nd": 0,
  "mu_r0": 0.054,
  "mu_s": 0,
  "sigma_nd": 0,
  "sigma_r0": 0.004,
  "sigma_s": 0,
  "T": 20.0,
  "V": 0.1
 },
 "31": {
  "mu_nd": 0,
  "mu_r0": 0.19,
  "mu_s": 0,
  "sigma_nd": 0,
  "sigma_r0": 0.069,
  "sigma_s": 0,
  "T": 7.7,
  "V": 0.13
 },
 "32": {
  "mu_nd": 0,
  "mu_r0": 0.114,
  "mu_s": 0,
  "sigma_nd": 0,
  "sigma_r0": 0.056,
  "sigma_s": 0,
  "T": 6.6000000000000005,
  "V": 0.1
 },
 "33": {
  "mu_nd": 0,
  "mu_r0": 0.052000000000000005,
  "mu_s": 0,
  "sigma_nd": 0,
  "sigma_r0": 0.010000000000000002,
  "sigma_s": 0,
  "T": 19.400000000000002,
  "V": 0.1
 },
 "34": {
  "mu_nd": 0,
  "mu_r0": 0.053000000000000005,
  "mu_s": 0,
  "sigma_nd": 0,
  "sigma_r0": 0.005,
  "sigma_s": 0,
  "T": 19.400000000000002,
  "V": 0.1
 },
 "35": {
  "mu_nd": 0,
  "mu_r0": 0.005,
  "mu_s": 0,
  "sigma_nd": 0,
  "sigma_r0": 0.012,
  "sigma_s": 0,
  "T": 18.6,
  "V": 0.2
 },
 "36": {
  "mu_nd": 0,
  "mu_r0": 0.032,
  "mu_s": 0,
  "sigma_nd": 0,
  "sigma_r0": 0.058,
  "sigma_s": 0,
  "T": 18.7,
  "V": 0.12000000000000001
 },
 "37": {
  "mu_nd": 0,
  "mu_r0": 0.044000000000000004,
  "mu_s": 0,
  "sigma_nd": 0,
  "sigma_r0": 0.001,
  "sigma_s": 0,
  "T": 19.0,
  "V": 0.1
 },
 "38": {
  "mu_nd": 0,
  "mu_r0": 0.017,
  "mu_s": 0,
  "sigma_nd": 0,
  "sigma_r0": 0.08700000000000001,
  "sigma_s": 0,
  "T": 17.0,
  "V": 0.38
 },
 "39": {
  "mu_nd": 0,
  "mu_r0": 0.098,
  "mu_s": 0,
  "sigma_nd": 0,
  "sigma_r0": 0.012,
  "sigma_s": 0,
  "T": 17.3,
  "V": 0.17
 },
 "40": {
  "mu_nd": 0,
  "mu_r0": 0.059000000000000004,
  "mu_s": 0,
  "sigma_nd": 0,
  "sigma_r0": 0.004,
  "sigma_s": 0,
  "T": 18.8,
  "V": 0.16
 },
 "41": {
  "mu_nd": 0,
  "mu_r0": 0.042,
  "mu_s": 0,
  "sigma_nd": 0,
  "sigma_r0": 0.001,
  "sigma_s": 0,
  "T": 19.0,
  "V": 0.16
 },
 "42": {
  "mu_nd": 0,
  "mu_r0": 0.062,
  "mu_s": 0,
  "sigma_nd": 0,
  "sigma_r0": 0.007,
  "sigma_s": 0,
  "T": 19.6,
  "V": 0.13
 },
 "43": {
  "mu_nd": 0,
  "mu_r0": 0.047,
  "mu_s": 0,
  "sigma_nd": 0,
  "sigma_r0": 0.001,
  "sigma_s": 0,
  "T": 20.0,
  "V": 0.1
 },
 "44": {
  "mu_nd": 0,
  "mu_r0": 0.010000000000000002,
  "mu_s": 0,
  "sigma_nd": 0,
  "sigma_r0": 0.001,
  "sigma_s": 0,
  "T": 18.8,
  "V": 0.45999999999999996
 },
 "45": {
  "mu_nd": 0,
  "mu_r0": 0.015,
  "mu_s": 0,
  "sigma_nd": 0,
  "sigma_r0": 0.074,
  "sigma_s": 0,
  "T": 14.5,
  "V": 0.32
 },
 "46": {
  "mu_nd": 0,
  "mu_r0": 0.064,
  "mu_s": 0,
  "sigma_nd": 0,
  "sigma_r0": 0.015,
  "sigma_s": 0,
  "T": 19.3,
  "V": 0.1
 },
 "47": {
  "mu_nd": 0,
  "mu_r0": 0.092,
  "mu_s": 0,
  "sigma_nd": 0,
  "sigma_r0": 0.025,
  "sigma_s": 0,
  "T": 18.6,
  "V": 0.24000000000000002
 },
 "48": {
  "mu_nd": 0,
  "mu_r0": 0.052000000000000005,
  "mu_s": 0,
  "sigma_nd": 0,
  "sigma_r0": 0.010000000000000002,
  "sigma_s": 0,
  "T": 19.3,
  "V": 0.1
 },
 "49": {
  "mu_nd": 0,
  "mu_r0": 0.056,
  "mu_s": 0,
  "sigma_nd": 0,
  "sigma_r0": 0.011,
  "sigma_s": 0,
  "T": 19.6,
  "V": 0.1
 },
 "50": {
  "mu_nd": 0,
  "mu_r0": 0.051000000000000004,
  "mu_s": 0,
  "sigma_nd": 0,
  "sigma_r0": 0.010000000000000002,
  "sigma_s": 0,
  "T": 18.8,
  "V": 0.1
 },
 "51": {
  "mu_nd": 0,
  "mu_r0": 0.08600000000000001,
  "mu_s": 0,
  "sigma_nd": 0,
  "sigma_r0": 0.003,
  "sigma_s": 0,
  "T": 19.7,
  "V": 0.22
 },
 "52": {
  "mu_nd": 0,
  "mu_r0": 0.08600000000000001,
  "mu_s": 0,
  "sigma_nd": 0,
  "sigma_r0": 0.008,
  "sigma_s": 0,
  "T": 19.5,
  "V": 0.30000000000000004
 },
 "53": {
  "mu_nd": 0,
  "mu_r0": 0.052000000000000005,
  "mu_s": 0,
  "sigma_nd": 0,
  "sigma_r0": 0.010000000000000002,
  "sigma_s": 0,
  "T": 19.400000000000002,
  "V": 0.1
 },
 "54": {
  "mu_nd": 0,
  "mu_r0": 0.054,
  "mu_s": 0,
  "sigma_nd": 0,
  "sigma_r0": 0.004,
  "sigma_s": 0,
  "T": 20.0,
  "V": 0.1
 },
 "55": {
  "mu_nd": 0,
  "mu_r0": 0.032,
  "mu_s": 0,
  "sigma_nd": 0,
  "sigma_r0": 0.060000000000000005,
  "sigma_s": 0,
  "T": 18.900000000000002,
  "V": 0.12000000000000001
 },
 "56": {
  "mu_nd": 0,
  "mu_r0": 0.030000000000000002,
  "mu_s": 0,
  "sigma_nd": 0,
  "sigma_r0": 0.057,
  "sigma_s": 0,
  "T": 17.400000000000002,
  "V": 0.14
 },
 "57": {
  "mu_nd": 0,
  "mu_r0": 0.059000000000000004,
  "mu_s": 0,
  "sigma_nd": 0,
  "sigma_r0": 0.013000000000000001,
  "sigma_s": 0,
  "T": 15.100000000000001,
  "V": 0.23
 },
 "58": {
  "mu_nd": 0,
  "mu_r0": 0.132,
  "mu_s": 0,
  "sigma_nd": 0,
  "sigma_r0": 0.013000000000000001,
  "sigma_s": 0,
  "T": 20.0,
  "V": 0.36
 },
 "59": {
  "mu_nd": 0,
  "mu_r0": 0.082,
  "mu_s": 0,
  "sigma_nd": 0,
  "sigma_r0": 0.007,
  "sigma_s": 0,
  "T": 19.1,
  "V": 0.36
 },
 "60": {
  "mu_nd": 0,
  "mu_r0": 0.045,
  "mu_s": 0,
  "sigma_nd": 0,
  "sigma_r0": 0.022000000000000002,
  "sigma_s": 0,