{
 "1": {
  "mu_nd": 0,
  "mu_r0": 0.016,
  "mu_s": 0,
  "sigma_nd": 0,
  "sigma_r0": 0.003,
  "sigma_s": 2.8000000000000003,
  "T": 7.300000000000001,
  "V": 0.064
 },
 "2": {
  "mu_nd": 0,
  "mu_r0": 0.028000000000000004,
  "mu_s": 0,
  "sigma_nd": 0,
  "sigma_r0": 0.003,
  "sigma_s": 0.1,
  "T": 4.5,
  "V": 0.05
 },
 "3": {
  "mu_nd": 0,
  "mu_r0": 0.03,
  "mu_s": 0,
  "sigma_nd": 0,
  "sigma_r0": 0.006,
  "sigma_s": 2.0,
  "T": 5.0,
  "V": 0.087
 },
 "4": {
  "mu_nd": 0,
  "mu_r0": 0.01,
  "mu_s": 0,
  "sigma_nd": 0,
  "sigma_r0": 0.006,
  "sigma_s": 1.2000000000000002,
  "T": 9.8,
  "V": 0.061
 },
 "5": {
  "mu_nd": 0,
  "mu_r0": 0.03,
  "mu_s": 0,
  "sigma_nd": 0,
  "sigma_r0": 0.007,
  "sigma_s": 2.4000000000000004,
  "T": 8.100000000000001,
  "V": 0.052000000000000005
 },
 "6": {
  "mu_nd": 0,
  "mu_r0": 0.024,
  "mu_s": 0,
  "sigma_nd": 0,
  "sigma_r0": 0.006,
  "sigma_s": 0.9,
  "T": 3.6,
  "V": 0.085
 },
 "7": {
  "mu_nd": 0,
  "mu_r0": 0.027000000000000003,
  "mu_s": 0,
  "sigma_nd": 0,
  "sigma_r0": 0.002,
  "sigma_s": 2.5000000000000004,
  "T": 7.5,
  "V": 0.08
 },
 "9": {
  "mu_nd": 0,
  "mu_r0": 0.03,
  "mu_s": 0,
  "sigma_nd": 0,
  "sigma_r0": 0.008,
  "sigma_s": 0.30000000000000004,
  "T": 7.2,
  "V": 0.061
 },
 "10": {
  "mu_nd": 0,
  "mu_r0": 0.023,
  "mu_s": 0,
  "sigma_nd": 0,
  "sigma_r0": 0.001,
  "sigma_s": 0.9,
  "T": 9.8,
  "V": 0.05
 },
 "11": {
  "mu_nd": 0,
  "mu_r0": 0.018000000000000002,
  "mu_s": 0,
  "sigma_nd": 0,
  "sigma_r0": 0.003,
  "sigma_s": 2.4000000000000004,
  "T": 4.800000000000001,
  "V": 0.058
 },
 "13": {
  "mu_nd": 0,
  "mu_r0": 0.027000000000000003,
  "mu_s": 0,
  "sigma_nd": 0,
  "sigma_r0": 0.004,
  "sigma_s": 0.2,
  "T": 5.9,
  "V": 0.07200000000000001
 },
 "14": {
  "mu_nd": 0,
  "mu_r0": 0.03,
  "mu_s": 0,
  "sigma_nd": 0,
  "sigma_r0": 0.002,
  "sigma_s": 2.9000000000000004,
  "T": 10.0,
  "V": 0.054000000000000006
 },
 "20": {
  "mu_nd": 0,
  "mu_r0": 0.025,
  "mu_s": 0,
  "sigma_nd": 0,
  "sigma_r0": 0.001,
  "sigma_s": 2.2,
  "T": 9.9,
  "V": 0.053000000000000005
 },
 "21": {
  "mu_nd": 0,
  "mu_r0": 0.024,
  "mu_s": 0,
  "sigma_nd": 0,
  "sigma_r0": 0.001,
  "sigma_s": 1.3000000000000003,
  "T": 10.0,
  "V": 0.05
 },
 "22": {
  "mu_nd": 0,
  "mu_r0": 0.024,
  "mu_s": 0,
  "sigma_nd": 0,
  "sigma_r0": 0.001,
  "sigma_s": 0.5,
  "T": 10.0,
  "V": 0.05
 },
 "23": {
  "mu_nd": 0,
  "mu_r0": 0.026000000000000002,
  "mu_s": 0,
  "sigma_nd": 0,
  "sigma_r0": 0.006,
  "sigma_s": 0.1,
  "T": 3.8000000000000003,
  "V": 0.07200000000000001
 },
 "24": {
  "mu_nd": 0,
  "mu_r0": 0.03,
  "mu_s": 0,
  "sigma_nd": 0,
  "sigma_r0": 0.001,
  "sigma_s": 0.4,
  "T": 5.6000000000000005,
  "V": 0.051000000000000004
 },
 "25": {
  "mu_nd": 0,
  "mu_r0": 0.03,
  "mu_s": 0,
  "sigma_nd": 0,
  "sigma_r0": 0.001,
  "sigma_s": 2.2,
  "T": 7.9,
  "V": 0.085
 },
 "26": {
  "mu_nd": 0,
  "mu_r0": 0.03,
  "mu_s": 0,
  "sigma_nd": 0,
  "sigma_r0": 0.001,
  "sigma_s": 0.5,
  "T": 9.700000000000001,
  "V": 0.05
 },
 "27": {
  "mu_nd": 0,
  "mu_r0": 0.03,
  "mu_s": 0,
  "sigma_nd": 0,
  "sigma_r0": 0.001,
  "sigma_s": 0.1,
  "T": 4.5,
  "V": 0.05
 },
 "28": {
  "mu_nd": 0,
  "mu_r0": 0.03,
  "mu_s": 0,
  "sigma_nd": 0,
  "sigma_r0": 0.001,
  "sigma_s": 1.2000000000000002,
  "T": 6.9,
  "V": 0.05
 },
 "29": {
  "mu_nd": 0,
  "mu_r0": 0.028999999999999998,
  "mu_s": 0,
  "sigma_nd": 0,
  "sigma_r0": 0.005,
  "sigma_s": 2.1,
  "T": 8.100000000000001,
  "V": 0.061
 },
 "30": {
  "mu_nd": 0,
  "mu_r0": 0.026000000000000002,
  "mu_s": 0,
  "sigma_nd": 0,
  "sigma_r0": 0.001,
  "sigma_s": 1.1,
  "T": 9.8,
  "V": 0.05
 },
 "31": {
  "mu_nd": 0,
  "mu_r0": 0.3,
  "mu_s": 0,
  "sigma_nd": 0,
  "sigma_r0": 0.020999999999999998,
  "sigma_s": 0.1,
  "T": 1.4,
  "V": 0.2
 },
 "32": {
  "mu_nd": 0,
  "mu_r0": 0.025,
  "mu_s": 0,
  "sigma_nd": 0,
  "sigma_r0": 0.01,
  "sigma_s": 0.1,
  "T": 1.7000000000000002,
  "V": 0.05
 },
 "33": {
  "mu_nd": 0,
  "mu_r0": 0.025,
  "mu_s": 0,
  "sigma_nd": 0,
  "sigma_r0": 0.001,
  "sigma_s": 2.1,
  "T": 10.0,
  "V": 0.059000000000000004
 },
 "34": {
  "mu_nd": 0,
  "mu_r0": 0.024,
  "mu_s": 0,
  "sigma_nd": 0,
  "sigma_r0": 0.002,
  "sigma_s": 1.0,
  "T": 9.0,
  "V": 0.052000000000000005
 },
 "35": {
  "mu_nd": 0,
  "mu_r0": 0.01,
  "mu_s": 0,
  "sigma_nd": 0,
  "sigma_r0": 0.001,
  "sigma_s": 3.0,
  "T": 9.1,
  "V": 0.053000000000000005
 },
 "36": {
  "mu_nd": 0,
  "mu_r0": 0.024,
  "mu_s": 0,
  "sigma_nd": 0,
  "sigma_r0": 0.001,
  "sigma_s": 2.5000000000000004,
  "T": 9.200000000000001,
  "V": 0.060000000000000005
 },
 "37": {
  "mu_nd": 0,
  "mu_r0": 0.023,
  "mu_s": 0,
  "sigma_nd": 0,
  "sigma_r0": 0.002,
  "sigma_s": 1.7000000000000002,
  "T": 9.9,
  "V": 0.053000000000000005
 },
 "38": {
  "mu_nd": 0,
  "mu_r0": 0.026000000000000002,
  "mu_s": 0,
  "sigma_nd": 0,
  "sigma_r0": 0.002,
  "sigma_s": 2.7,
  "T": 5.800000000000001,
  "V": 0.089
 },
 "39": {
  "mu_nd": 0,
  "mu_r0": 0.03,
  "mu_s": 0,
  "sigma_nd": 0,
  "sigma_r0": 0.002,
  "sigma_s": 0.9,
  "T": 5.3,
  "V": 0.05
 },
 "40": {
  "mu_nd": 0,
  "mu_r0": 0.03,
  "mu_s": 0,
  "sigma_nd": 0,
  "sigma_r0": 0.002,
  "sigma_s": 0.30000000000000004,
  "T": 9.6,
  "V": 0.084
 },
 "41": {
  "mu_nd": 0,
  "mu_r0": 0.023,
  "mu_s": 0,
  "sigma_nd": 0,
  "sigma_r0": 0.001,
  "sigma_s": 2.3000000000000003,
  "T": 9.8,
  "V": 0.058
 },
 "42": {
  "mu_nd": 0,
  "mu_r0": 0.03,
  "mu_s": 0,
  "sigma_nd": 0,
  "sigma_r0": 0.002,
  "sigma_s": 2.1,
  "T": 9.8,
  "V": 0.051000000000000004
 },
 "43": {
  "mu_nd": 0,
  "mu_r0": 0.023,
  "mu_s": 0,
  "sigma_nd": 0,
  "sigma_r0": 0.001,
  "sigma_s": 1.2000000000000002,
  "T": 9.8,
  "V": 0.05
 },
 "44": {
  "mu_nd": 0,
  "mu_r0": 0.023,
  "mu_s": 0,
  "sigma_nd": 0,
  "sigma_r0": 0.004,
  "sigma_s": 3.0,
  "T": 7.300000000000001,
  "V": 0.091
 },
 "45": {
  "mu_nd": 0,
  "mu_r0": 0.023,
  "mu_s": 0,
  "sigma_nd": 0,
  "sigma_r0": 0.002,
  "sigma_s": 2.3000000000000003,
  "T": 5.4,
  "V": 0.091
 },
 "46": {
  "mu_nd": 0,
  "mu_r0": 0.03,
  "mu_s": 0,
  "sigma_nd": 0,
  "sigma_r0": 0.001,
  "sigma_s": 2.1,
  "T": 9.700000000000001,
  "V": 0.063
 },
 "47": {
  "mu_nd": 0,
  "mu_r0": 0.03,
  "mu_s": 0,
  "sigma_nd": 0,
  "sigma_r0": 0.003,
  "sigma_s": 2.4000000000000004,
  "T": 5.800000000000001,
  "V": 0.054000000000000006
 },
 "48": {
  "mu_nd": 0,
  "mu_r0": 0.024,
  "mu_s": 0,
  "sigma_nd": 0,
  "sigma_r0": 0.002,
  "sigma_s": 2.0,
  "T": 9.5,
  "V": 0.055
 },
 "49": {
  "mu_nd": 0,
  "mu_r0": 0.027000000000000003,
  "mu_s": 0,
  "sigma_nd": 0,
  "sigma_r0": 0.001,
  "sigma_s": 2.1,
  "T": 9.8,
  "V": 0.051000000000000004
 },
 "50": {
  "mu_nd": 0,
  "mu_r0": 0.025,
  "mu_s": 0,
  "sigma_nd": 0,
  "sigma_r0": 0.002,
  "sigma_s": 2.1,
  "T": 9.6,
  "V": 0.054000000000000006
 },
 "51": {
  "mu_nd": 0,
  "mu_r0": 0.023,
  "mu_s": 0,
  "sigma_nd": 0,
  "sigma_r0": 0.001,
  "sigma_s": 0.1,
  "T": 5.2,
  "V": 0.057
 },
 "52": {
  "mu_nd": 0,
  "mu_r0": 0.017,
  "mu_s": 0,
  "sigma_nd": 0,
  "sigma_r0": 0.001,
  "sigma_s": 0.9,
  "T": 3.8000000000000003,
  "V": 0.054000000000000006
 },
 "53": {
  "mu_nd": 0,
  "mu_r0": 0.025,
  "mu_s": 0,
  "sigma_nd": 0,
  "sigma_r0": 0.001,
  "sigma_s": 2.2,
  "T": 10.0,
  "V": 0.051000000000000004
 },
 "54": {
  "mu_nd": 0,
  "mu_r0": 0.027000000000000003,
  "mu_s": 0,
  "sigma_nd": 0,
  "sigma_r0": 0.002,
  "sigma_s": 1.5000000000000002,
  "T": 10.0,
  "V": 0.052000000000000005
 },
 "55": {
  "mu_nd": 0,
  "mu_r0": 0.026000000000000002,
  "mu_s": 0,
  "sigma_nd": 0,
  "sigma_r0": 0.001,
  "sigma_s": 3.0,
  "T": 9.200000000000001,
  "V": 0.05
 },
 "56": {
  "mu_nd": 0,
  "mu_r0": 0.023,
  "mu_s": 0,
  "sigma_nd": 0,
  "sigma_r0": 0.001,
  "sigma_s": 3.0,
  "T": 8.8,
  "V": 0.07100000000000001
 },
 "57": {
  "mu_nd": 0,
  "mu_r0": 0.026000000000000002,
  "mu_s": 0,
  "sigma_nd": 0,
  "sigma_r0": 0.006,
  "sigma_s": 2.5000000000000004,
  "T": 5.9,
  "V": 0.065
 },
 "58": {
  "mu_nd": 0,
  "mu_r0": 0.026000000000000002,
  "mu_s": 0,
  "sigma_nd": 0,
  "sigma_r0": 0.005,