{
 "1": {
  "mu_nd": 0,
  "mu_r0": 0.16,
  "mu_s": 0,
  "sigma_nd": 0,
  "sigma_r0": 0.09,
  "sigma_s": 0.51,
  "T": 8.9,
  "V": 0.43000000000000005
 },
 "2": {
  "mu_nd": 0,
  "mu_r0": 0.29700000000000004,
  "mu_s": 0,
  "sigma_nd": 0,
  "sigma_r0": 0.01,
  "sigma_s": 0.30000000000000004,
  "T": 6.4,
  "V": 0.4
 },
 "3": {
  "mu_nd": 0,
  "mu_r0": 0.29200000000000004,
  "mu_s": 0,
  "sigma_nd": 0,
  "sigma_r0": 0.05,
  "sigma_s": 0.8099999999999999,
  "T": 5.5,
  "V": 0.4
 },
 "4": {
  "mu_nd": 0,
  "mu_r0": 0.1,
  "mu_s": 0,
  "sigma_nd": 0,
  "sigma_r0": 0.03,
  "sigma_s": 0.13,
  "T": 10.0,
  "V": 0.4
 },
 "5": {
  "mu_nd": 0,
  "mu_r0": 0.3,
  "mu_s": 0,
  "sigma_nd": 0,
  "sigma_r0": 0.01,
  "sigma_s": 0.18,
  "T": 8.8,
  "V": 0.4
 },
 "6": {
  "mu_nd": 0,
  "mu_r0": 0.29200000000000004,
  "mu_s": 0,
  "sigma_nd": 0,
  "sigma_r0": 0.06999999999999999,
  "sigma_s": 0.29000000000000004,
  "T": 4.6,
  "V": 0.41000000000000003
 },
 "7": {
  "mu_nd": 0,
  "mu_r0": 0.29700000000000004,
  "mu_s": 0,
  "sigma_nd": 0,
  "sigma_r0": 0.01,
  "sigma_s": 0.49,
  "T": 8.5,
  "V": 0.4
 },
 "9": {
  "mu_nd": 0,
  "mu_r0": 0.3,
  "mu_s": 0,
  "sigma_nd": 0,
  "sigma_r0": 0.01,
  "sigma_s": 0.27,
  "T": 8.4,
  "V": 0.4
 },
 "10": {
  "mu_nd": 0,
  "mu_r0": 0.198,
  "mu_s": 0,
  "sigma_nd": 0,
  "sigma_r0": 0.02,
  "sigma_s": 0.59,
  "T": 10.0,
  "V": 0.4
 },
 "11": {
  "mu_nd": 0,
  "mu_r0": 0.184,
  "mu_s": 0,
  "sigma_nd": 0,
  "sigma_r0": 0.05,
  "sigma_s": 0.9,
  "T": 7.0,
  "V": 0.53
 },
 "13": {
  "mu_nd": 0,
  "mu_r0": 0.3,
  "mu_s": 0,
  "sigma_nd": 0,
  "sigma_r0": 0.03,
  "sigma_s": 0.36,
  "T": 7.2,
  "V": 0.4
 },
 "14": {
  "mu_nd": 0,
  "mu_r0": 0.29400000000000004,
  "mu_s": 0,
  "sigma_nd": 0,
  "sigma_r0": 0.01,
  "sigma_s": 0.12000000000000001,
  "T": 10.0,
  "V": 0.4
 },
 "20": {
  "mu_nd": 0,
  "mu_r0": 0.255,
  "mu_s": 0,
  "sigma_nd": 0,
  "sigma_r0": 0.03,
  "sigma_s": 0.15000000000000002,
  "T": 10.0,
  "V": 0.4
 },
 "21": {
  "mu_nd": 0,
  "mu_r0": 0.20700000000000002,
  "mu_s": 0,
  "sigma_nd": 0,
  "sigma_r0": 0.04,
  "sigma_s": 0.55,
  "T": 10.0,
  "V": 0.4
 },
 "22": {
  "mu_nd": 0,
  "mu_r0": 0.10400000000000001,
  "mu_s": 0,
  "sigma_nd": 0,
  "sigma_r0": 0.08,
  "sigma_s": 0.98,
  "T": 9.8,
  "V": 0.5
 },
 "23": {
  "mu_nd": 0,
  "mu_r0": 0.124,
  "mu_s": 0,
  "sigma_nd": 0,
  "sigma_r0": 0.01,
  "sigma_s": 0.17,
  "T": 6.2,
  "V": 0.67
 },
 "24": {
  "mu_nd": 0,
  "mu_r0": 0.3,
  "mu_s": 0,
  "sigma_nd": 0,
  "sigma_r0": 0.01,
  "sigma_s": 0.43000000000000005,
  "T": 6.7,
  "V": 0.4
 },
 "25": {
  "mu_nd": 0,
  "mu_r0": 0.3,
  "mu_s": 0,
  "sigma_nd": 0,
  "sigma_r0": 0.05,
  "sigma_s": 0.4,
  "T": 8.2,
  "V": 0.4
 },
 "26": {
  "mu_nd": 0,
  "mu_r0": 0.3,
  "mu_s": 0,
  "sigma_nd": 0,
  "sigma_r0": 0.01,
  "sigma_s": 0.45000000000000007,
  "T": 10.0,
  "V": 0.4
 },
 "27": {
  "mu_nd": 0,
  "mu_r0": 0.3,
  "mu_s": 0,
  "sigma_nd": 0,
  "sigma_r0": 0.05,
  "sigma_s": 0.33999999999999997,
  "T": 5.2,
  "V": 0.4
 },
 "28": {
  "mu_nd": 0,
  "mu_r0": 0.3,
  "mu_s": 0,
  "sigma_nd": 0,
  "sigma_r0": 0.03,
  "sigma_s": 0.62,
  "T": 7.7,
  "V": 0.4
 },
 "29": {
  "mu_nd": 0,
  "mu_r0": 0.3,
  "mu_s": 0,
  "sigma_nd": 0,
  "sigma_r0": 0.01,
  "sigma_s": 0.45999999999999996,
  "T": 9.0,
  "V": 0.4
 },
 "30": {
  "mu_nd": 0,
  "mu_r0": 0.252,
  "mu_s": 0,
  "sigma_nd": 0,
  "sigma_r0": 0.01,
  "sigma_s": 0.36,
  "T": 10.0,
  "V": 0.4
 },
 "31": {
  "mu_nd": 0,
  "mu_r0": 0.29300000000000004,
  "mu_s": 0,
  "sigma_nd": 0,
  "sigma_r0": 0.03,
  "sigma_s": 0.21000000000000002,
  "T": 2.0,
  "V": 0.4
 },
 "32": {
  "mu_nd": 0,
  "mu_r0": 0.29300000000000004,
  "mu_s": 0,
  "sigma_nd": 0,
  "sigma_r0": 0.01,
  "sigma_s": 0.29000000000000004,
  "T": 2.6,
  "V": 0.41000000000000003
 },
 "33": {
  "mu_nd": 0,
  "mu_r0": 0.21600000000000003,
  "mu_s": 0,
  "sigma_nd": 0,
  "sigma_r0": 0.03,
  "sigma_s": 0.28,
  "T": 9.700000000000001,
  "V": 0.4
 },
 "34": {
  "mu_nd": 0,
  "mu_r0": 0.255,
  "mu_s": 0,
  "sigma_nd": 0,
  "sigma_r0": 0.01,
  "sigma_s": 0.4,
  "T": 10.0,
  "V": 0.4
 },
 "35": {
  "mu_nd": 0,
  "mu_r0": 0.1,
  "mu_s": 0,
  "sigma_nd": 0,
  "sigma_r0": 0.01,
  "sigma_s": 0.11,
  "T": 10.0,
  "V": 0.4
 },
 "36": {
  "mu_nd": 0,
  "mu_r0": 0.256,
  "mu_s": 0,
  "sigma_nd": 0,
  "sigma_r0": 0.03,
  "sigma_s": 0.63,
  "T": 10.0,
  "V": 0.41000000000000003
 },
 "37": {
  "mu_nd": 0,
  "mu_r0": 0.196,
  "mu_s": 0,
  "sigma_nd": 0,
  "sigma_r0": 0.02,
  "sigma_s": 0.48,
  "T": 10.0,
  "V": 0.4
 },
 "38": {
  "mu_nd": 0,
  "mu_r0": 0.28700000000000003,
  "mu_s": 0,
  "sigma_nd": 0,
  "sigma_r0": 0.01,
  "sigma_s": 0.2,
  "T": 7.0,
  "V": 0.49
 },
 "39": {
  "mu_nd": 0,
  "mu_r0": 0.3,
  "mu_s": 0,
  "sigma_nd": 0,
  "sigma_r0": 0.01,
  "sigma_s": 0.13,
  "T": 6.4,
  "V": 0.4
 },
 "40": {
  "mu_nd": 0,
  "mu_r0": 0.3,
  "mu_s": 0,
  "sigma_nd": 0,
  "sigma_r0": 0.02,
  "sigma_s": 0.63,
  "T": 10.0,
  "V": 0.4
 },
 "41": {
  "mu_nd": 0,
  "mu_r0": 0.20800000000000002,
  "mu_s": 0,
  "sigma_nd": 0,
  "sigma_r0": 0.02,
  "sigma_s": 0.62,
  "T": 10.0,
  "V": 0.4
 },
 "42": {
  "mu_nd": 0,
  "mu_r0": 0.29700000000000004,
  "mu_s": 0,
  "sigma_nd": 0,
  "sigma_r0": 0.01,
  "sigma_s": 0.31,
  "T": 10.0,
  "V": 0.4
 },
 "43": {
  "mu_nd": 0,
  "mu_r0": 0.191,
  "mu_s": 0,
  "sigma_nd": 0,
  "sigma_r0": 0.03,
  "sigma_s": 0.32,
  "T": 9.8,
  "V": 0.41000000000000003
 },
 "44": {
  "mu_nd": 0,
  "mu_r0": 0.275,
  "mu_s": 0,
  "sigma_nd": 0,
  "sigma_r0": 0.06999999999999999,
  "sigma_s": 0.35,
  "T": 9.5,
  "V": 0.5700000000000001
 },
 "45": {
  "mu_nd": 0,
  "mu_r0": 0.28900000000000003,
  "mu_s": 0,
  "sigma_nd": 0,
  "sigma_r0": 0.01,
  "sigma_s": 0.11,
  "T": 7.1000000000000005,
  "V": 0.49
 },
 "46": {
  "mu_nd": 0,
  "mu_r0": 0.3,
  "mu_s": 0,
  "sigma_nd": 0,
  "sigma_r0": 0.01,
  "sigma_s": 0.41000000000000003,
  "T": 10.0,
  "V": 0.4
 },
 "47": {
  "mu_nd": 0,
  "mu_r0": 0.3,
  "mu_s": 0,
  "sigma_nd": 0,
  "sigma_r0": 0.01,
  "sigma_s": 0.4,
  "T": 6.7,
  "V": 0.4
 },
 "48": {
  "mu_nd": 0,
  "mu_r0": 0.23900000000000002,
  "mu_s": 0,
  "sigma_nd": 0,
  "sigma_r0": 0.01,
  "sigma_s": 0.1,
  "T": 9.9,
  "V": 0.4
 },
 "49": {
  "mu_nd": 0,
  "mu_r0": 0.26,
  "mu_s": 0,
  "sigma_nd": 0,
  "sigma_r0": 0.03,
  "sigma_s": 0.61,
  "T": 10.0,
  "V": 0.4
 },
 "50": {
  "mu_nd": 0,
  "mu_r0": 0.252,
  "mu_s": 0,
  "sigma_nd": 0,
  "sigma_r0": 0.01,
  "sigma_s": 0.37,
  "T": 10.0,
  "V": 0.4
 },
 "51": {
  "mu_nd": 0,
  "mu_r0": 0.3,
  "mu_s": 0,
  "sigma_nd": 0,
  "sigma_r0": 0.01,
  "sigma_s": 0.45000000000000007,
  "T": 7.4,
  "V": 0.4
 },
 "52": {
  "mu_nd": 0,
  "mu_r0": 0.3,
  "mu_s": 0,
  "sigma_nd": 0,
  "sigma_r0": 0.04,
  "sigma_s": 0.63,
  "T": 7.300000000000001,
  "V": 0.4
 },
 "53": {
  "mu_nd": 0,
  "mu_r0": 0.231,
  "mu_s": 0,
  "sigma_nd": 0,
  "sigma_r0": 0.01,
  "sigma_s": 0.1,
  "T": 9.8,
  "V": 0.4
 },
 "54": {
  "mu_nd": 0,
  "mu_r0": 0.269,
  "mu_s": 0,
  "sigma_nd": 0,
  "sigma_r0": 0.01,
  "sigma_s": 0.49,
  "T": 10.0,
  "V": 0.4
 },
 "55": {
  "mu_nd": 0,
  "mu_r0": 0.259,
  "mu_s": 0,
  "sigma_nd": 0,
  "sigma_r0": 0.04,
  "sigma_s": 0.86,
  "T": 9.6,
  "V": 0.4
 },
 "56": {
  "mu_nd": 0,
  "mu_r0": 0.21400000000000002,
  "mu_s": 0,
  "sigma_nd": 0,
  "sigma_r0": 0.05,
  "sigma_s": 0.4,
  "T": 8.5,
  "V": 0.41000000000000003
 },
 "57": {
  "mu_nd": 0,
  "mu_r0": 0.29700000000000004,
  "mu_s": 0,
  "sigma_nd": 0,
  "sigma_r0": 0.01,
  "sigma_s": 0.25,
  "T": 7.5,
  "V": 0.4
 },
 "58": {
  "mu_nd": 0,
  "mu_r0": 0.3,
  "mu_s": 0,
  "sigma_nd": 0,
  "sigma_r0": 0.04,
  "sigma_s": 0.28,
  "T": 5.2,
  "V": 0.4
 },
 "59": {
  "mu_nd": 0,
  "mu_r0": 0.28300000000000003,
  "mu_s": 0,
  "sigma_nd": 0,
  "sigma_r0": 0.01,
  "sigma_s": 0.93,
  "T": 6.800000000000001,
  "V": 0.41000000000000003
 },
 "60": {
  "mu_nd": 0,
  "mu_r0": 0.198,
  "mu_s": 0,
  "sigma_nd": 0,
  "sigma_r0": 0.02,
  "sigma_s": 0.38,
  "T": 10.0,
  "V": 0.4
 },
 "61": {
  "mu_nd": 0,
  "mu_r0": 0.3,
  "mu_s": 0,
  "sigma_nd": 0,
  "sigma_r0": 0.01,
  "sigma_s": 0.11,