{
 "1": {
  "mu_nd": 0,
  "mu_r0": 0.01,
  "mu_s": 0,
  "sigma_nd": 0,
  "sigma_r0": 0.01,
  "sigma_s": 0.12,
  "T": 7.7139999999999995,
  "V": 0.13
 },
 "2": {
  "mu_nd": 0,
  "mu_r0": 0.05,
  "mu_s": 0,
  "sigma_nd": 0,
  "sigma_r0": 0.01,
  "sigma_s": 0.18000000000000002,
  "T": 7.999,
  "V": 0.060000000000000005
 },
 "3": {
  "mu_nd": 0,
  "mu_r0": 0.05,
  "mu_s": 0,
  "sigma_nd": 0,
  "sigma_r0": 0.04,
  "sigma_s": 0.01,
  "T": 9.377,
  "V": 0.23
 },
 "4": {
  "mu_nd": 0,
  "mu_r0": 0.01,
  "mu_s": 0,
  "sigma_nd": 0,
  "sigma_r0": 0.01,
  "sigma_s": 0.25,
  "T": 9.993,
  "V": 0.03
 },
 "5": {
  "mu_nd": 0,
  "mu_r0": 0.03,
  "mu_s": 0,
  "sigma_nd": 0,
  "sigma_r0": 0.01,
  "sigma_s": 0.22,
  "T": 8.515,
  "V": 0.09
 },
 "6": {
  "mu_nd": 0,
  "mu_r0": 0.03,
  "mu_s": 0,
  "sigma_nd": 0,
  "sigma_r0": 0.01,
  "sigma_s": 0.12,
  "T": 4.981999999999999,
  "V": 0.14
 },
 "7": {
  "mu_nd": 0,
  "mu_r0": 0.03,
  "mu_s": 0,
  "sigma_nd": 0,
  "sigma_r0": 0.02,
  "sigma_s": 0.2,
  "T": 9.181,
  "V": 0.14
 },
 "9": {
  "mu_nd": 0,
  "mu_r0": 0.04,
  "mu_s": 0,
  "sigma_nd": 0,
  "sigma_r0": 0.01,
  "sigma_s": 0.02,
  "T": 9.999,
  "V": 0.11
 },
 "10": {
  "mu_nd": 0,
  "mu_r0": 0.02,
  "mu_s": 0,
  "sigma_nd": 0,
  "sigma_r0": 0.01,
  "sigma_s": 0.3,
  "T": 9.391,
  "V": 0.01
 },
 "11": {
  "mu_nd": 0,
  "mu_r0": 0.01,
  "mu_s": 0,
  "sigma_nd": 0,
  "sigma_r0": 0.03,
  "sigma_s": 0.11,
  "T": 6.403,
  "V": 0.14
 },
 "13": {
  "mu_nd": 0,
  "mu_r0": 0.04,
  "mu_s": 0,
  "sigma_nd": 0,
  "sigma_r0": 0.01,
  "sigma_s": 0.03,
  "T": 8.497,
  "V": 0.09999999999999999
 },
 "14": {
  "mu_nd": 0,
  "mu_r0": 0.03,
  "mu_s": 0,
  "sigma_nd": 0,
  "sigma_r0": 0.01,
  "sigma_s": 0.23,
  "T": 9.629,
  "V": 0.06999999999999999
 },
 "20": {
  "mu_nd": 0,
  "mu_r0": 0.01,
  "mu_s": 0,
  "sigma_nd": 0,
  "sigma_r0": 0.01,
  "sigma_s": 0.3,
  "T": 7.599,
  "V": 0.13
 },
 "21": {
  "mu_nd": 0,
  "mu_r0": 0.02,
  "mu_s": 0,
  "sigma_nd": 0,
  "sigma_r0": 0.01,
  "sigma_s": 0.16,
  "T": 9.286999999999999,
  "V": 0.01
 },
 "22": {
  "mu_nd": 0,
  "mu_r0": 0.02,
  "mu_s": 0,
  "sigma_nd": 0,
  "sigma_r0": 0.01,
  "sigma_s": 0.16,
  "T": 9.281,
  "V": 0.01
 },
 "23": {
  "mu_nd": 0,
  "mu_r0": 0.06999999999999999,
  "mu_s": 0,
  "sigma_nd": 0,
  "sigma_r0": 0.02,
  "sigma_s": 0.09999999999999999,
  "T": 9.833,
  "V": 0.15000000000000002
 },
 "24": {
  "mu_nd": 0,
  "mu_r0": 0.04,
  "mu_s": 0,
  "sigma_nd": 0,
  "sigma_r0": 0.01,
  "sigma_s": 0.18000000000000002,
  "T": 7.085,
  "V": 0.02
 },
 "25": {
  "mu_nd": 0,
  "mu_r0": 0.03,
  "mu_s": 0,
  "sigma_nd": 0,
  "sigma_r0": 0.01,
  "sigma_s": 0.3,
  "T": 8.17,
  "V": 0.09999999999999999
 },
 "26": {
  "mu_nd": 0,
  "mu_r0": 0.03,
  "mu_s": 0,
  "sigma_nd": 0,
  "sigma_r0": 0.01,
  "sigma_s": 0.27,
  "T": 9.999,
  "V": 0.02
 },
 "27": {
  "mu_nd": 0,
  "mu_r0": 0.06999999999999999,
  "mu_s": 0,
  "sigma_nd": 0,
  "sigma_r0": 0.01,
  "sigma_s": 0.16,
  "T": 9.689,
  "V": 0.09
 },
 "28": {
  "mu_nd": 0,
  "mu_r0": 0.04,
  "mu_s": 0,
  "sigma_nd": 0,
  "sigma_r0": 0.01,
  "sigma_s": 0.16,
  "T": 9.121,
  "V": 0.060000000000000005
 },
 "29": {
  "mu_nd": 0,
  "mu_r0": 0.03,
  "mu_s": 0,
  "sigma_nd": 0,
  "sigma_r0": 0.01,
  "sigma_s": 0.08,
  "T": 8.738999999999999,
  "V": 0.08
 },
 "30": {
  "mu_nd": 0,
  "mu_r0": 0.02,
  "mu_s": 0,
  "sigma_nd": 0,
  "sigma_r0": 0.01,
  "sigma_s": 0.05,
  "T": 8.471,
  "V": 0.01
 },
 "31": {
  "mu_nd": 0,
  "mu_r0": 0.23,
  "mu_s": 0,
  "sigma_nd": 0,
  "sigma_r0": 0.08,
  "sigma_s": 0.01,
  "T": 8.552,
  "V": 0.13
 },
 "32": {
  "mu_nd": 0,
  "mu_r0": 0.18000000000000002,
  "mu_s": 0,
  "sigma_nd": 0,
  "sigma_r0": 0.08,
  "sigma_s": 0.27,
  "T": 9.79,
  "V": 0.060000000000000005
 },
 "33": {
  "mu_nd": 0,
  "mu_r0": 0.02,
  "mu_s": 0,
  "sigma_nd": 0,
  "sigma_r0": 0.01,
  "sigma_s": 0.22,
  "T": 8.084,
  "V": 0.03
 },
 "34": {
  "mu_nd": 0,
  "mu_r0": 0.02,
  "mu_s": 0,
  "sigma_nd": 0,
  "sigma_r0": 0.01,
  "sigma_s": 0.13,
  "T": 7.848,
  "V": 0.04
 },
 "35": {
  "mu_nd": 0,
  "mu_r0": 0.01,
  "mu_s": 0,
  "sigma_nd": 0,
  "sigma_r0": 0.01,
  "sigma_s": 0.02,
  "T": 9.562,
  "V": 0.060000000000000005
 },
 "36": {
  "mu_nd": 0,
  "mu_r0": 0.02,
  "mu_s": 0,
  "sigma_nd": 0,
  "sigma_r0": 0.02,
  "sigma_s": 0.18000000000000002,
  "T": 9.714,
  "V": 0.11
 },
 "37": {
  "mu_nd": 0,
  "mu_r0": 0.02,
  "mu_s": 0,
  "sigma_nd": 0,
  "sigma_r0": 0.01,
  "sigma_s": 0.2,
  "T": 9.536,
  "V": 0.02
 },
 "38": {
  "mu_nd": 0,
  "mu_r0": 0.01,
  "mu_s": 0,
  "sigma_nd": 0,
  "sigma_r0": 0.01,
  "sigma_s": 0.04,
  "T": 6.699,
  "V": 0.17
 },
 "39": {
  "mu_nd": 0,
  "mu_r0": 0.03,
  "mu_s": 0,
  "sigma_nd": 0,
  "sigma_r0": 0.01,
  "sigma_s": 0.17,
  "T": 5.5329999999999995,
  "V": 0.01
 },
 "40": {
  "mu_nd": 0,
  "mu_r0": 0.03,
  "mu_s": 0,
  "sigma_nd": 0,
  "sigma_r0": 0.01,
  "sigma_s": 0.16,
  "T": 9.439,
  "V": 0.08
 },
 "41": {
  "mu_nd": 0,
  "mu_r0": 0.02,
  "mu_s": 0,
  "sigma_nd": 0,
  "sigma_r0": 0.01,
  "sigma_s": 0.14,
  "T": 9.09,
  "V": 0.06999999999999999
 },
 "42": {
  "mu_nd": 0,
  "mu_r0": 0.03,
  "mu_s": 0,
  "sigma_nd": 0,
  "sigma_r0": 0.01,
  "sigma_s": 0.11,
  "T": 9.509,
  "V": 0.060000000000000005
 },
 "43": {
  "mu_nd": 0,
  "mu_r0": 0.02,
  "mu_s": 0,
  "sigma_nd": 0,
  "sigma_r0": 0.01,
  "sigma_s": 0.3,
  "T": 9.383,
  "V": 0.01
 },
 "44": {
  "mu_nd": 0,
  "mu_r0": 0.02,
  "mu_s": 0,
  "sigma_nd": 0,
  "sigma_r0": 0.03,
  "sigma_s": 0.02,
  "T": 9.955,
  "V": 0.17
 },
 "45": {
  "mu_nd": 0,
  "mu_r0": 0.02,
  "mu_s": 0,
  "sigma_nd": 0,
  "sigma_r0": 0.02,
  "sigma_s": 0.24000000000000002,
  "T": 6.552,
  "V": 0.15000000000000002
 },
 "46": {
  "mu_nd": 0,
  "mu_r0": 0.03,
  "mu_s": 0,
  "sigma_nd": 0,
  "sigma_r0": 0.01,
  "sigma_s": 0.21000000000000002,
  "T": 8.86,
  "V": 0.03
 },
 "47": {
  "mu_nd": 0,
  "mu_r0": 0.04,
  "mu_s": 0,
  "sigma_nd": 0,
  "sigma_r0": 0.01,
  "sigma_s": 0.02,
  "T": 9.072,
  "V": 0.14
 },
 "48": {
  "mu_nd": 0,
  "mu_r0": 0.02,
  "mu_s": 0,
  "sigma_nd": 0,
  "sigma_r0": 0.01,
  "sigma_s": 0.09,
  "T": 7.811999999999999,
  "V": 0.03
 },
 "49": {
  "mu_nd": 0,
  "mu_r0": 0.02,
  "mu_s": 0,
  "sigma_nd": 0,
  "sigma_r0": 0.01,
  "sigma_s": 0.13,
  "T": 7.833,
  "V": 0.04
 },
 "50": {
  "mu_nd": 0,
  "mu_r0": 0.02,
  "mu_s": 0,
  "sigma_nd": 0,
  "sigma_r0": 0.01,
  "sigma_s": 0.09,
  "T": 7.821,
  "V": 0.04
 },
 "51": {
  "mu_nd": 0,
  "mu_r0": 0.03,
  "mu_s": 0,
  "sigma_nd": 0,
  "sigma_r0": 0.01,
  "sigma_s": 0.02,
  "T": 6.164,
  "V": 0.03
 },
 "52": {
  "mu_nd": 0,
  "mu_r0": 0.02,
  "mu_s": 0,
  "sigma_nd": 0,
  "sigma_r0": 0.01,
  "sigma_s": 0.13,
  "T": 4.965,
  "V": 0.06999999999999999
 },
 "53": {
  "mu_nd": 0,
  "mu_r0": 0.02,
  "mu_s": 0,
  "sigma_nd": 0,
  "sigma_r0": 0.01,
  "sigma_s": 0.26,
  "T": 8.052,
  "V": 0.04
 },
 "54": {
  "mu_nd": 0,
  "mu_r0": 0.03,
  "mu_s": 0,
  "sigma_nd": 0,
  "sigma_r0": 0.01,
  "sigma_s": 0.09,
  "T": 9.999,
  "V": 0.02
 },
 "55": {
  "mu_nd": 0,
  "mu_r0": 0.02,
  "mu_s": 0,
  "sigma_nd": 0,
  "sigma_r0": 0.01,
  "sigma_s": 0.17,
  "T": 9.612,
  "V": 0.17
 },
 "56": {
  "mu_nd": 0,
  "mu_r0": 0.02,
  "mu_s": 0,
  "sigma_nd": 0,
  "sigma_r0": 0.03,
  "sigma_s": 0.19,
  "T": 8.962,
  "V": 0.06999999999999999
 },
 "57": {
  "mu_nd": 0,
  "mu_r0": 0.03,
  "mu_s": 0,
  "sigma_nd": 0,
  "sigma_r0": 0.03,
  "sigma_s": 0.29000000000000004,
  "T": 9.2,
  "V": 0.18000000000000002
 },
 "58": {
  "mu_nd": 0,
  "mu_r0": 0.05,
  "mu_s": 0,
  "sigma_nd": 0,
  "sigma_r0": 0.01,
  "sigma_s": 0.11,
  "T": 7.606,
  "V": 0.13
 },
 "59": {
  "mu_nd": 0,
  "mu_r0": 0.04,
  "mu_s": 0,
  "sigma_nd": 0,
  "sigma_r0": 0.01,
  "sigma_s": 0.11,
  "T": 9.252,
  "V": 0.17
 },
 "60": {
  "mu_nd": 0,
  "mu_r0": 0.02,
  "mu_s": 0,
  "sigma_nd": 0,
  "sigma_r0": 0.01,
  "sigma_s": 0.01,
  "T": 8.962,
  "V": 0.05
 },
 "61": {
  "mu_nd": 0,
  "mu_r0": 0.04,
  "mu_s": 0,
  "sigma_nd": 0,
  "sigma_r0": 0.01,
  "sigma_s": 0.25,
  "T": 9.816,
  "V": 0.09999999999999999
 },
 "62": {
  "mu_nd": 0,
  "mu_r0": 0.02,
  "mu_s": 0,