{
 "1": {
  "mu_nd": 0,
  "mu_r0": 0.01,
  "mu_s": 0,
  "sigma_nd": 0,
  "sigma_r0": 0.005,
  "sigma_s": 3.0,
  "T": 10.0,
  "V": 0.2
 },
 "2": {
  "mu_nd": 0,
  "mu_r0": 0.03,
  "mu_s": 0,
  "sigma_nd": 0,
  "sigma_r0": 0.002,
  "sigma_s": 0.30000000000000004,
  "T": 8.8,
  "V": 0.21000000000000002
 },
 "3": {
  "mu_nd": 0,
  "mu_r0": 0.025,
  "mu_s": 0,
  "sigma_nd": 0,
  "sigma_r0": 0.01,
  "sigma_s": 0.30000000000000004,
  "T": 9.9,
  "V": 0.311
 },
 "4": {
  "mu_nd": 0,
  "mu_r0": 0.011,
  "mu_s": 0,
  "sigma_nd": 0,
  "sigma_r0": 0.006,
  "sigma_s": 1.4000000000000001,
  "T": 10.0,
  "V": 0.2
 },
 "5": {
  "mu_nd": 0,
  "mu_r0": 0.022,
  "mu_s": 0,
  "sigma_nd": 0,
  "sigma_r0": 0.008,
  "sigma_s": 0.9,
  "T": 9.6,
  "V": 0.20400000000000001
 },
 "6": {
  "mu_nd": 0,
  "mu_r0": 0.014,
  "mu_s": 0,
  "sigma_nd": 0,
  "sigma_r0": 0.008,
  "sigma_s": 0.5,
  "T": 9.8,
  "V": 0.34400000000000003
 },
 "7": {
  "mu_nd": 0,
  "mu_r0": 0.01,
  "mu_s": 0,
  "sigma_nd": 0,
  "sigma_r0": 0.005,
  "sigma_s": 1.2000000000000002,
  "T": 9.3,
  "V": 0.231
 },
 "9": {
  "mu_nd": 0,
  "mu_r0": 0.026000000000000002,
  "mu_s": 0,
  "sigma_nd": 0,
  "sigma_r0": 0.001,
  "sigma_s": 0.1,
  "T": 9.8,
  "V": 0.2
 },
 "10": {
  "mu_nd": 0,
  "mu_r0": 0.014,
  "mu_s": 0,
  "sigma_nd": 0,
  "sigma_r0": 0.005,
  "sigma_s": 1.2000000000000002,
  "T": 10.0,
  "V": 0.2
 },
 "11": {
  "mu_nd": 0,
  "mu_r0": 0.013000000000000001,
  "mu_s": 0,
  "sigma_nd": 0,
  "sigma_r0": 0.009000000000000001,
  "sigma_s": 2.6,
  "T": 8.5,
  "V": 0.2
 },
 "13": {
  "mu_nd": 0,
  "mu_r0": 0.028999999999999998,
  "mu_s": 0,
  "sigma_nd": 0,
  "sigma_r0": 0.007,
  "sigma_s": 0.6,
  "T": 8.8,
  "V": 0.203
 },
 "14": {
  "mu_nd": 0,
  "mu_r0": 0.01,
  "mu_s": 0,
  "sigma_nd": 0,
  "sigma_r0": 0.001,
  "sigma_s": 2.7,
  "T": 10.0,
  "V": 0.203
 },
 "20": {
  "mu_nd": 0,
  "mu_r0": 0.01,
  "mu_s": 0,
  "sigma_nd": 0,
  "sigma_r0": 0.006,
  "sigma_s": 2.8000000000000003,
  "T": 10.0,
  "V": 0.2
 },
 "21": {
  "mu_nd": 0,
  "mu_r0": 0.011,
  "mu_s": 0,
  "sigma_nd": 0,
  "sigma_r0": 0.002,
  "sigma_s": 2.9000000000000004,
  "T": 10.0,
  "V": 0.2
 },
 "22": {
  "mu_nd": 0,
  "mu_r0": 0.013000000000000001,
  "mu_s": 0,
  "sigma_nd": 0,
  "sigma_r0": 0.006,
  "sigma_s": 0.2,
  "T": 10.0,
  "V": 0.2
 },
 "23": {
  "mu_nd": 0,
  "mu_r0": 0.012,
  "mu_s": 0,
  "sigma_nd": 0,
  "sigma_r0": 0.008,
  "sigma_s": 0.1,
  "T": 6.6000000000000005,
  "V": 0.224
 },
 "24": {
  "mu_nd": 0,
  "mu_r0": 0.027000000000000003,
  "mu_s": 0,
  "sigma_nd": 0,
  "sigma_r0": 0.001,
  "sigma_s": 1.0,
  "T": 9.9,
  "V": 0.23500000000000001
 },
 "25": {
  "mu_nd": 0,
  "mu_r0": 0.026000000000000002,
  "mu_s": 0,
  "sigma_nd": 0,
  "sigma_r0": 0.001,
  "sigma_s": 0.1,
  "T": 9.8,
  "V": 0.2
 },
 "26": {
  "mu_nd": 0,
  "mu_r0": 0.01,
  "mu_s": 0,
  "sigma_nd": 0,
  "sigma_r0": 0.01,
  "sigma_s": 0.7000000000000001,
  "T": 10.0,
  "V": 0.203
 },
 "27": {
  "mu_nd": 0,
  "mu_r0": 0.01,
  "mu_s": 0,
  "sigma_nd": 0,
  "sigma_r0": 0.009000000000000001,
  "sigma_s": 0.30000000000000004,
  "T": 8.3,
  "V": 0.259
 },
 "28": {
  "mu_nd": 0,
  "mu_r0": 0.028999999999999998,
  "mu_s": 0,
  "sigma_nd": 0,
  "sigma_r0": 0.001,
  "sigma_s": 1.0,
  "T": 10.0,
  "V": 0.20800000000000002
 },
 "29": {
  "mu_nd": 0,
  "mu_r0": 0.011,
  "mu_s": 0,
  "sigma_nd": 0,
  "sigma_r0": 0.008,
  "sigma_s": 0.4,
  "T": 9.9,
  "V": 0.222
 },
 "30": {
  "mu_nd": 0,
  "mu_r0": 0.015,
  "mu_s": 0,
  "sigma_nd": 0,
  "sigma_r0": 0.005,
  "sigma_s": 0.7000000000000001,
  "T": 10.0,
  "V": 0.2
 },
 "31": {
  "mu_nd": 0,
  "mu_r0": 0.03,
  "mu_s": 0,
  "sigma_nd": 0,
  "sigma_r0": 0.001,
  "sigma_s": 0.2,
  "T": 4.5,
  "V": 0.29300000000000004
 },
 "32": {
  "mu_nd": 0,
  "mu_r0": 0.018000000000000002,
  "mu_s": 0,
  "sigma_nd": 0,
  "sigma_r0": 0.008,
  "sigma_s": 0.30000000000000004,
  "T": 7.5,
  "V": 0.396
 },
 "33": {
  "mu_nd": 0,
  "mu_r0": 0.014,
  "mu_s": 0,
  "sigma_nd": 0,
  "sigma_r0": 0.005,
  "sigma_s": 1.2000000000000002,
  "T": 10.0,
  "V": 0.2
 },
 "34": {
  "mu_nd": 0,
  "mu_r0": 0.01,
  "mu_s": 0,
  "sigma_nd": 0,
  "sigma_r0": 0.001,
  "sigma_s": 2.9000000000000004,
  "T": 10.0,
  "V": 0.2
 },
 "35": {
  "mu_nd": 0,
  "mu_r0": 0.011,
  "mu_s": 0,
  "sigma_nd": 0,
  "sigma_r0": 0.006,
  "sigma_s": 1.3000000000000003,
  "T": 10.0,
  "V": 0.2
 },
 "36": {
  "mu_nd": 0,
  "mu_r0": 0.01,
  "mu_s": 0,
  "sigma_nd": 0,
  "sigma_r0": 0.003,
  "sigma_s": 2.6,
  "T": 10.0,
  "V": 0.2
 },
 "37": {
  "mu_nd": 0,
  "mu_r0": 0.01,
  "mu_s": 0,
  "sigma_nd": 0,
  "sigma_r0": 0.007,
  "sigma_s": 2.8000000000000003,
  "T": 10.0,
  "V": 0.2
 },
 "38": {
  "mu_nd": 0,
  "mu_r0": 0.028000000000000004,
  "mu_s": 0,
  "sigma_nd": 0,
  "sigma_r0": 0.006,
  "sigma_s": 2.4000000000000004,
  "T": 9.3,
  "V": 0.22
 },
 "39": {
  "mu_nd": 0,
  "mu_r0": 0.03,
  "mu_s": 0,
  "sigma_nd": 0,
  "sigma_r0": 0.001,
  "sigma_s": 0.1,
  "T": 10.0,
  "V": 0.234
 },
 "40": {
  "mu_nd": 0,
  "mu_r0": 0.014,
  "mu_s": 0,
  "sigma_nd": 0,
  "sigma_r0": 0.003,
  "sigma_s": 0.4,
  "T": 10.0,
  "V": 0.2
 },
 "41": {
  "mu_nd": 0,
  "mu_r0": 0.01,
  "mu_s": 0,
  "sigma_nd": 0,
  "sigma_r0": 0.001,
  "sigma_s": 2.9000000000000004,
  "T": 10.0,
  "V": 0.2
 },
 "42": {
  "mu_nd": 0,
  "mu_r0": 0.016,
  "mu_s": 0,
  "sigma_nd": 0,
  "sigma_r0": 0.004,
  "sigma_s": 1.1,
  "T": 10.0,
  "V": 0.2
 },
 "43": {
  "mu_nd": 0,
  "mu_r0": 0.012,
  "mu_s": 0,
  "sigma_nd": 0,
  "sigma_r0": 0.005,
  "sigma_s": 1.3000000000000003,
  "T": 10.0,
  "V": 0.2
 },
 "44": {
  "mu_nd": 0,
  "mu_r0": 0.01,
  "mu_s": 0,
  "sigma_nd": 0,
  "sigma_r0": 0.006,
  "sigma_s": 1.5000000000000002,
  "T": 9.700000000000001,
  "V": 0.23600000000000002
 },
 "45": {
  "mu_nd": 0,
  "mu_r0": 0.011,
  "mu_s": 0,
  "sigma_nd": 0,
  "sigma_r0": 0.007,
  "sigma_s": 1.4000000000000001,
  "T": 9.200000000000001,
  "V": 0.24000000000000002
 },
 "46": {
  "mu_nd": 0,
  "mu_r0": 0.01,
  "mu_s": 0,
  "sigma_nd": 0,
  "sigma_r0": 0.001,
  "sigma_s": 1.2000000000000002,
  "T": 9.700000000000001,
  "V": 0.21200000000000002
 },
 "47": {
  "mu_nd": 0,
  "mu_r0": 0.03,
  "mu_s": 0,
  "sigma_nd": 0,
  "sigma_r0": 0.006,
  "sigma_s": 1.2000000000000002,
  "T": 9.1,
  "V": 0.20900000000000002
 },
 "48": {
  "mu_nd": 0,
  "mu_r0": 0.01,
  "mu_s": 0,
  "sigma_nd": 0,
  "sigma_r0": 0.004,
  "sigma_s": 3.0,
  "T": 10.0,
  "V": 0.2
 },
 "49": {
  "mu_nd": 0,
  "mu_r0": 0.01,
  "mu_s": 0,
  "sigma_nd": 0,
  "sigma_r0": 0.005,
  "sigma_s": 3.0,
  "T": 10.0,
  "V": 0.2
 },
 "50": {
  "mu_nd": 0,
  "mu_r0": 0.013000000000000001,
  "mu_s": 0,
  "sigma_nd": 0,
  "sigma_r0": 0.006,
  "sigma_s": 0.2,
  "T": 10.0,
  "V": 0.2
 },
 "51": {
  "mu_nd": 0,
  "mu_r0": 0.028000000000000004,
  "mu_s": 0,
  "sigma_nd": 0,
  "sigma_r0": 0.001,
  "sigma_s": 0.8,
  "T": 9.5,
  "V": 0.2
 },
 "52": {
  "mu_nd": 0,
  "mu_r0": 0.028999999999999998,
  "mu_s": 0,
  "sigma_nd": 0,
  "sigma_r0": 0.005,
  "sigma_s": 1.5000000000000002,
  "T": 9.4,
  "V": 0.21800000000000003
 },
 "53": {
  "mu_nd": 0,
  "mu_r0": 0.01,
  "mu_s": 0,
  "sigma_nd": 0,
  "sigma_r0": 0.009000000000000001,
  "sigma_s": 2.6,
  "T": 10.0,
  "V": 0.2
 },
 "54": {
  "mu_nd": 0,
  "mu_r0": 0.01,
  "mu_s": 0,
  "sigma_nd": 0,
  "sigma_r0": 0.002,
  "sigma_s": 3.0,
  "T": 10.0,
  "V": 0.2
 },
 "55": {
  "mu_nd": 0,
  "mu_r0": 0.01,
  "mu_s": 0,
  "sigma_nd": 0,
  "sigma_r0": 0.001,
  "sigma_s": 2.7,
  "T": 10.0,
  "V": 0.20400000000000001
 },
 "56": {
  "mu_nd": 0,
  "mu_r0": 0.01,
  "mu_s": 0,
  "sigma_nd": 0,
  "sigma_r0": 0.002,
  "sigma_s": 2.8000000000000003,
  "T": 10.0,
  "V": 0.2
 },
 "57": {
  "mu_nd": 0,
  "mu_r0": 0.011,
  "mu_s": 0,
  "sigma_nd": 0,
  "sigma_r0": 0.007,
  "sigma_s": 1.3000000000000003,
  "T": 9.200000000000001,
  "V": 0.23900000000000002
 },
 "58": {
  "mu_nd": 0,
  "mu_r0": 0.028999999999999998,
  "mu_s": 0,
  "sigma_nd": 0,
  "sigma_r0": 0.002,
  "sigma_s": 0.1,
  "T": 4.5,
  "V": 0.083
 },
 "59": {
  "mu_nd": 0,
  "mu_r0": 0.026000000000000002,
  "mu_s": 0,
  "sigma_nd": 0,