{
 "1": {
  "mu_nd": 3.0,
  "mu_r0": 0.17,
  "mu_s": 0,
  "sigma_nd": 0,
  "sigma_r0": 0.03,
  "sigma_s": 0.3,
  "T": 0.5700000000000001,
  "V": 0.01
 },
 "2": {
  "mu_nd": 0,
  "mu_r0": 0.44,
  "mu_s": 0,
  "sigma_nd": 0,
  "sigma_r0": 0.11,
  "sigma_s": 0.08,
  "T": 0.679,
  "V": 0.02
 },
 "3": {
  "mu_nd": 0,
  "mu_r0": 0.4,
  "mu_s": 0,
  "sigma_nd": 0,
  "sigma_r0": 0.01,
  "sigma_s": 0.15000000000000002,
  "T": 0.68,
  "V": 0.17
 },
 "4": {
  "mu_nd": 4.0,
  "mu_r0": 0.05,
  "mu_s": 0,
  "sigma_nd": 0,
  "sigma_r0": 0.02,
  "sigma_s": 0.15000000000000002,
  "T": 0.601,
  "V": 0.060000000000000005
 },
 "5": {
  "mu_nd": 4.0,
  "mu_r0": 0.38,
  "mu_s": 0,
  "sigma_nd": 0,
  "sigma_r0": 0.06999999999999999,
  "sigma_s": 0.29000000000000004,
  "T": 0.731,
  "V": 0.09999999999999999
 },
 "6": {
  "mu_nd": 0,
  "mu_r0": 0.42000000000000004,
  "mu_s": 0,
  "sigma_nd": 0,
  "sigma_r0": 0.03,
  "sigma_s": 0.15000000000000002,
  "T": 0.582,
  "V": 0.14
 },
 "7": {
  "mu_nd": 0.0,
  "mu_r0": 0.37,
  "mu_s": 0,
  "sigma_nd": 0,
  "sigma_r0": 0.04,
  "sigma_s": 0.3,
  "T": 0.925,
  "V": 0.09
 },
 "9": {
  "mu_nd": 0,
  "mu_r0": 0.39,
  "mu_s": 0,
  "sigma_nd": 0,
  "sigma_r0": 0.14,
  "sigma_s": 0.01,
  "T": 0.936,
  "V": 0.060000000000000005
 },
 "10": {
  "mu_nd": 0,
  "mu_r0": 0.060000000000000005,
  "mu_s": 0,
  "sigma_nd": 0,
  "sigma_r0": 0.19,
  "sigma_s": 0.19,
  "T": 0.926,
  "V": 0.12
 },
 "11": {
  "mu_nd": 0,
  "mu_r0": 0.41000000000000003,
  "mu_s": 0,
  "sigma_nd": 0,
  "sigma_r0": 0.06999999999999999,
  "sigma_s": 0.02,
  "T": 1.0,
  "V": 0.21000000000000002
 },
 "13": {
  "mu_nd": 0,
  "mu_r0": 0.47000000000000003,
  "mu_s": 0,
  "sigma_nd": 0,
  "sigma_r0": 0.18000000000000002,
  "sigma_s": 0.06999999999999999,
  "T": 0.966,
  "V": 0.060000000000000005
 },
 "14": {
  "mu_nd": 0,
  "mu_r0": 0.24000000000000002,
  "mu_s": 0,
  "sigma_nd": 0,
  "sigma_r0": 0.01,
  "sigma_s": 0.24000000000000002,
  "T": 0.781,
  "V": 0.01
 },
 "20": {
  "mu_nd": 0,
  "mu_r0": 0.24000000000000002,
  "mu_s": 0,
  "sigma_nd": 0,
  "sigma_r0": 0.01,
  "sigma_s": 0.2,
  "T": 0.902,
  "V": 0.02
 },
 "21": {
  "mu_nd": 0,
  "mu_r0": 0.25,
  "mu_s": 0,
  "sigma_nd": 0,
  "sigma_r0": 0.01,
  "sigma_s": 0.17,
  "T": 0.971,
  "V": 0.01
 },
 "22": {
  "mu_nd": 0,
  "mu_r0": 0.21000000000000002,
  "mu_s": 0,
  "sigma_nd": 0,
  "sigma_r0": 0.02,
  "sigma_s": 0.060000000000000005,
  "T": 0.8160000000000001,
  "V": 0.02
 },
 "23": {
  "mu_nd": 0,
  "mu_r0": 0.47000000000000003,
  "mu_s": 0,
  "sigma_nd": 0,
  "sigma_r0": 0.11,
  "sigma_s": 0.04,
  "T": 0.656,
  "V": 0.09999999999999999
 },
 "24": {
  "mu_nd": 0,
  "mu_r0": 0.47000000000000003,
  "mu_s": 0,
  "sigma_nd": 0,
  "sigma_r0": 0.03,
  "sigma_s": 0.17,
  "T": 0.854,
  "V": 0.05
 },
 "25": {
  "mu_nd": 0,
  "mu_r0": 0.39,
  "mu_s": 0,
  "sigma_nd": 0,
  "sigma_r0": 0.09,
  "sigma_s": 0.01,
  "T": 0.9480000000000001,
  "V": 0.13
 },
 "26": {
  "mu_nd": 0,
  "mu_r0": 0.23,
  "mu_s": 0,
  "sigma_nd": 0,
  "sigma_r0": 0.03,
  "sigma_s": 0.05,
  "T": 0.71,
  "V": 0.02
 },
 "27": {
  "mu_nd": 0,
  "mu_r0": 0.42000000000000004,
  "mu_s": 0,
  "sigma_nd": 0,
  "sigma_r0": 0.09,
  "sigma_s": 0.04,
  "T": 0.5750000000000001,
  "V": 0.03
 },
 "28": {
  "mu_nd": 0,
  "mu_r0": 0.45,
  "mu_s": 0,
  "sigma_nd": 0,
  "sigma_r0": 0.05,
  "sigma_s": 0.03,
  "T": 0.987,
  "V": 0.06999999999999999
 },
 "29": {
  "mu_nd": 1.0,
  "mu_r0": 0.4,
  "mu_s": 0,
  "sigma_nd": 0,
  "sigma_r0": 0.060000000000000005,
  "sigma_s": 0.09999999999999999,
  "T": 0.924,
  "V": 0.11
 },
 "30": {
  "mu_nd": 0,
  "mu_r0": 0.19,
  "mu_s": 0,
  "sigma_nd": 0,
  "sigma_r0": 0.02,
  "sigma_s": 0.03,
  "T": 0.656,
  "V": 0.03
 },
 "31": {
  "mu_nd": 0,
  "mu_r0": 0.49,
  "mu_s": 0,
  "sigma_nd": 0,
  "sigma_r0": 0.16,
  "sigma_s": 0.05,
  "T": 0.189,
  "V": 0.02
 },
 "32": {
  "mu_nd": 0,
  "mu_r0": 0.4,
  "mu_s": 0,
  "sigma_nd": 0,
  "sigma_r0": 0.13,
  "sigma_s": 0.09999999999999999,
  "T": 0.228,
  "V": 0.02
 },
 "33": {
  "mu_nd": 0,
  "mu_r0": 0.23,
  "mu_s": 0,
  "sigma_nd": 0,
  "sigma_r0": 0.02,
  "sigma_s": 0.19,
  "T": 0.858,
  "V": 0.01
 },
 "34": {
  "mu_nd": 0,
  "mu_r0": 0.21000000000000002,
  "mu_s": 0,
  "sigma_nd": 0,
  "sigma_r0": 0.03,
  "sigma_s": 0.12,
  "T": 0.756,
  "V": 0.03
 },
 "35": {
  "mu_nd": 0,
  "mu_r0": 0.02,
  "mu_s": 0,
  "sigma_nd": 0,
  "sigma_r0": 0.06999999999999999,
  "sigma_s": 0.21000000000000002,
  "T": 0.765,
  "V": 0.060000000000000005
 },
 "36": {
  "mu_nd": 0,
  "mu_r0": 0.28,
  "mu_s": 0,
  "sigma_nd": 0,
  "sigma_r0": 0.03,
  "sigma_s": 0.28,
  "T": 0.968,
  "V": 0.02
 },
 "37": {
  "mu_nd": 0,
  "mu_r0": 0.060000000000000005,
  "mu_s": 0,
  "sigma_nd": 0,
  "sigma_r0": 0.09,
  "sigma_s": 0.29000000000000004,
  "T": 0.791,
  "V": 0.11
 },
 "38": {
  "mu_nd": 0,
  "mu_r0": 0.35000000000000003,
  "mu_s": 0,
  "sigma_nd": 0,
  "sigma_r0": 0.05,
  "sigma_s": 0.29000000000000004,
  "T": 0.6940000000000001,
  "V": 0.09
 },
 "39": {
  "mu_nd": 0,
  "mu_r0": 0.46,
  "mu_s": 0,
  "sigma_nd": 0,
  "sigma_r0": 0.08,
  "sigma_s": 0.19,
  "T": 0.778,
  "V": 0.02
 },
 "40": {
  "mu_nd": 0,
  "mu_r0": 0.33,
  "mu_s": 0,
  "sigma_nd": 0,
  "sigma_r0": 0.11,
  "sigma_s": 0.01,
  "T": 0.9580000000000001,
  "V": 0.04
 },
 "41": {
  "mu_nd": 0,
  "mu_r0": 0.22,
  "mu_s": 0,
  "sigma_nd": 0,
  "sigma_r0": 0.11,
  "sigma_s": 0.11,
  "T": 0.9460000000000001,
  "V": 0.01
 },
 "42": {
  "mu_nd": 0,
  "mu_r0": 0.3,
  "mu_s": 0,
  "sigma_nd": 0,
  "sigma_r0": 0.01,
  "sigma_s": 0.23,
  "T": 0.936,
  "V": 0.02
 },
 "43": {
  "mu_nd": 0,
  "mu_r0": 0.05,
  "mu_s": 0,
  "sigma_nd": 0,
  "sigma_r0": 0.13,
  "sigma_s": 0.28,
  "T": 0.589,
  "V": 0.03
 },
 "44": {
  "mu_nd": 0,
  "mu_r0": 0.33,
  "mu_s": 0,
  "sigma_nd": 0,
  "sigma_r0": 0.12,
  "sigma_s": 0.27,
  "T": 0.921,
  "V": 0.14
 },
 "45": {
  "mu_nd": 0,
  "mu_r0": 0.43,
  "mu_s": 0,
  "sigma_nd": 0,
  "sigma_r0": 0.02,
  "sigma_s": 0.18000000000000002,
  "T": 0.934,
  "V": 0.21000000000000002
 },
 "46": {
  "mu_nd": 0,
  "mu_r0": 0.31,
  "mu_s": 0,
  "sigma_nd": 0,
  "sigma_r0": 0.04,
  "sigma_s": 0.25,
  "T": 0.973,
  "V": 0.02
 },
 "47": {
  "mu_nd": 0,
  "mu_r0": 0.37,
  "mu_s": 0,
  "sigma_nd": 0,
  "sigma_r0": 0.060000000000000005,
  "sigma_s": 0.3,
  "T": 0.712,
  "V": 0.01
 },
 "48": {
  "mu_nd": 6.0,
  "mu_r0": 0.27,
  "mu_s": 0,
  "sigma_nd": 0,
  "sigma_r0": 0.06999999999999999,
  "sigma_s": 0.15000000000000002,
  "T": 0.726,
  "V": 0.08
 },
 "49": {
  "mu_nd": 0,
  "mu_r0": 0.25,
  "mu_s": 0,
  "sigma_nd": 0,
  "sigma_r0": 0.08,
  "sigma_s": 0.16,
  "T": 0.9460000000000001,
  "V": 0.02
 },
 "50": {
  "mu_nd": 0,
  "mu_r0": 0.25,
  "mu_s": 0,
  "sigma_nd": 0,
  "sigma_r0": 0.03,
  "sigma_s": 0.05,
  "T": 0.876,
  "V": 0.060000000000000005
 },
 "51": {
  "mu_nd": 0,
  "mu_r0": 0.45,
  "mu_s": 0,
  "sigma_nd": 0,
  "sigma_r0": 0.11,
  "sigma_s": 0.08,
  "T": 0.975,
  "V": 0.09
 },
 "52": {
  "mu_nd": 0,
  "mu_r0": 0.46,
  "mu_s": 0,
  "sigma_nd": 0,
  "sigma_r0": 0.02,
  "sigma_s": 0.19,
  "T": 0.901,
  "V": 0.14
 },
 "53": {
  "mu_nd": 0,
  "mu_r0": 0.11,
  "mu_s": 0,
  "sigma_nd": 0,
  "sigma_r0": 0.18000000000000002,
  "sigma_s": 0.13,
  "T": 0.907,
  "V": 0.13
 },
 "54": {
  "mu_nd": 0,
  "mu_r0": 0.28,
  "mu_s": 0,
  "sigma_nd": 0,
  "sigma_r0": 0.02,
  "sigma_s": 0.06999999999999999,
  "T": 0.965,
  "V": 0.05
 },
 "55": {
  "mu_nd": 8.0,
  "mu_r0": 0.32,
  "mu_s": 0,
  "sigma_nd": 0,
  "sigma_r0": 0.06999999999999999,
  "sigma_s": 0.29000000000000004,
  "T": 0.886,
  "V": 0.28
 },
 "56": {
  "mu_nd": 0,
  "mu_r0": 0.23,
  "mu_s": 0,
  "sigma_nd": 0,
  "sigma_r0": 0.11,
  "sigma_s": 0.3,
  "T": 0.894,
  "V": 0.01
 },
 "57": {
  "mu_nd": 2.0,
  "mu_r0": 0.46,
  "mu_s": 0,
  "sigma_nd": 0,
  "sigma_r0": 0.09,
  "sigma_s": 0.23,
  "T": 0.892,
  "V": 0.24000000000000002
 },
 "58": {
  "mu_nd": 0,
  "mu_r0": 0.49,
  "mu_s": 0,
  "sigma_nd": 0,
  "sigma_r0": 0.01,
  "sigma_s": 0.2,
  "T": 0.706,
  "V": 0.09999999999999999
 },
 "59": {
  "mu_nd": 0,
  "mu_r0": 0.49,