{
 "1": {
  "mu_nd": 0,
  "mu_r0": 0.02,
  "mu_s": 0,
  "sigma_nd": 0,
  "sigma_r0": 0.02,
  "sigma_s": 0.15000000000000002,
  "T": 10.0,
  "V": 0.1
 },
 "2": {
  "mu_nd": 0,
  "mu_r0": 0.060000000000000005,
  "mu_s": 0,
  "sigma_nd": 0,
  "sigma_r0": 0.01,
  "sigma_s": 0.13,
  "T": 9.6,
  "V": 0.1
 },
 "3": {
  "mu_nd": 0,
  "mu_r0": 0.05,
  "mu_s": 0,
  "sigma_nd": 0,
  "sigma_r0": 0.01,
  "sigma_s": 0.04,
  "T": 9.6,
  "V": 0.23
 },
 "4": {
  "mu_nd": 0,
  "mu_r0": 0.01,
  "mu_s": 0,
  "sigma_nd": 0,
  "sigma_r0": 0.01,
  "sigma_s": 0.26,
  "T": 10.0,
  "V": 0.1
 },
 "5": {
  "mu_nd": 0,
  "mu_r0": 0.04,
  "mu_s": 0,
  "sigma_nd": 0,
  "sigma_r0": 0.01,
  "sigma_s": 0.12,
  "T": 10.0,
  "V": 0.1
 },
 "6": {
  "mu_nd": 0,
  "mu_r0": 0.05,
  "mu_s": 0,
  "sigma_nd": 0,
  "sigma_r0": 0.01,
  "sigma_s": 0.01,
  "T": 8.3,
  "V": 0.23
 },
 "7": {
  "mu_nd": 0,
  "mu_r0": 0.04,
  "mu_s": 0,
  "sigma_nd": 0,
  "sigma_r0": 0.02,
  "sigma_s": 0.09,
  "T": 9.200000000000001,
  "V": 0.12000000000000001
 },
 "9": {
  "mu_nd": 0,
  "mu_r0": 0.04,
  "mu_s": 0,
  "sigma_nd": 0,
  "sigma_r0": 0.01,
  "sigma_s": 0.17,
  "T": 10.0,
  "V": 0.1
 },
 "10": {
  "mu_nd": 0,
  "mu_r0": 0.02,
  "mu_s": 0,
  "sigma_nd": 0,
  "sigma_r0": 0.01,
  "sigma_s": 0.08,
  "T": 10.0,
  "V": 0.1
 },
 "11": {
  "mu_nd": 0,
  "mu_r0": 0.01,
  "mu_s": 0,
  "sigma_nd": 0,
  "sigma_r0": 0.04,
  "sigma_s": 0.01,
  "T": 10.0,
  "V": 0.21000000000000002
 },
 "13": {
  "mu_nd": 0,
  "mu_r0": 0.05,
  "mu_s": 0,
  "sigma_nd": 0,
  "sigma_r0": 0.01,
  "sigma_s": 0.01,
  "T": 10.0,
  "V": 0.11
 },
 "14": {
  "mu_nd": 0,
  "mu_r0": 0.03,
  "mu_s": 0,
  "sigma_nd": 0,
  "sigma_r0": 0.01,
  "sigma_s": 0.25,
  "T": 10.0,
  "V": 0.1
 },
 "20": {
  "mu_nd": 0,
  "mu_r0": 0.02,
  "mu_s": 0,
  "sigma_nd": 0,
  "sigma_r0": 0.02,
  "sigma_s": 0.060000000000000005,
  "T": 10.0,
  "V": 0.1
 },
 "21": {
  "mu_nd": 0,
  "mu_r0": 0.02,
  "mu_s": 0,
  "sigma_nd": 0,
  "sigma_r0": 0.01,
  "sigma_s": 0.06999999999999999,
  "T": 10.0,
  "V": 0.1
 },
 "22": {
  "mu_nd": 0,
  "mu_r0": 0.01,
  "mu_s": 0,
  "sigma_nd": 0,
  "sigma_r0": 0.01,
  "sigma_s": 0.01,
  "T": 8.4,
  "V": 0.12000000000000001
 },
 "23": {
  "mu_nd": 0,
  "mu_r0": 0.06999999999999999,
  "mu_s": 0,
  "sigma_nd": 0,
  "sigma_r0": 0.02,
  "sigma_s": 0.08,
  "T": 9.8,
  "V": 0.16
 },
 "24": {
  "mu_nd": 0,
  "mu_r0": 0.05,
  "mu_s": 0,
  "sigma_nd": 0,
  "sigma_r0": 0.01,
  "sigma_s": 0.25,
  "T": 9.200000000000001,
  "V": 0.1
 },
 "25": {
  "mu_nd": 0,
  "mu_r0": 0.03,
  "mu_s": 0,
  "sigma_nd": 0,
  "sigma_r0": 0.01,
  "sigma_s": 0.16,
  "T": 7.9,
  "V": 0.1
 },
 "26": {
  "mu_nd": 0,
  "mu_r0": 0.03,
  "mu_s": 0,
  "sigma_nd": 0,
  "sigma_r0": 0.01,
  "sigma_s": 0.05,
  "T": 9.700000000000001,
  "V": 0.1
 },
 "27": {
  "mu_nd": 0,
  "mu_r0": 0.06999999999999999,
  "mu_s": 0,
  "sigma_nd": 0,
  "sigma_r0": 0.01,
  "sigma_s": 0.03,
  "T": 9.9,
  "V": 0.1
 },
 "28": {
  "mu_nd": 0,
  "mu_r0": 0.04,
  "mu_s": 0,
  "sigma_nd": 0,
  "sigma_r0": 0.01,
  "sigma_s": 0.09,
  "T": 9.200000000000001,
  "V": 0.1
 },
 "29": {
  "mu_nd": 0,
  "mu_r0": 0.04,
  "mu_s": 0,
  "sigma_nd": 0,
  "sigma_r0": 0.01,
  "sigma_s": 0.02,
  "T": 10.0,
  "V": 0.11
 },
 "30": {
  "mu_nd": 0,
  "mu_r0": 0.02,
  "mu_s": 0,
  "sigma_nd": 0,
  "sigma_r0": 0.01,
  "sigma_s": 0.3,
  "T": 9.5,
  "V": 0.1
 },
 "31": {
  "mu_nd": 0,
  "mu_r0": 0.19,
  "mu_s": 0,
  "sigma_nd": 0,
  "sigma_r0": 0.06999999999999999,
  "sigma_s": 0.2,
  "T": 7.6000000000000005,
  "V": 0.11
 },
 "32": {
  "mu_nd": 0,
  "mu_r0": 0.16,
  "mu_s": 0,
  "sigma_nd": 0,
  "sigma_r0": 0.08,
  "sigma_s": 0.09999999999999999,
  "T": 9.1,
  "V": 0.1
 },
 "33": {
  "mu_nd": 0,
  "mu_r0": 0.02,
  "mu_s": 0,
  "sigma_nd": 0,
  "sigma_r0": 0.02,
  "sigma_s": 0.3,
  "T": 9.9,
  "V": 0.1
 },
 "34": {
  "mu_nd": 0,
  "mu_r0": 0.02,
  "mu_s": 0,
  "sigma_nd": 0,
  "sigma_r0": 0.01,
  "sigma_s": 0.3,
  "T": 9.5,
  "V": 0.1
 },
 "35": {
  "mu_nd": 0,
  "mu_r0": 0.01,
  "mu_s": 0,
  "sigma_nd": 0,
  "sigma_r0": 0.01,
  "sigma_s": 0.26,
  "T": 10.0,
  "V": 0.1
 },
 "36": {
  "mu_nd": 0,
  "mu_r0": 0.01,
  "mu_s": 0,
  "sigma_nd": 0,
  "sigma_r0": 0.01,
  "sigma_s": 0.05,
  "T": 7.300000000000001,
  "V": 0.11
 },
 "37": {
  "mu_nd": 0,
  "mu_r0": 0.01,
  "mu_s": 0,
  "sigma_nd": 0,
  "sigma_r0": 0.01,
  "sigma_s": 0.22,
  "T": 7.6000000000000005,
  "V": 0.1
 },
 "38": {
  "mu_nd": 0,
  "mu_r0": 0.03,
  "mu_s": 0,
  "sigma_nd": 0,
  "sigma_r0": 0.02,
  "sigma_s": 0.27,
  "T": 8.2,
  "V": 0.2
 },
 "39": {
  "mu_nd": 0,
  "mu_r0": 0.05,
  "mu_s": 0,
  "sigma_nd": 0,
  "sigma_r0": 0.01,
  "sigma_s": 0.27,
  "T": 9.200000000000001,
  "V": 0.1
 },
 "40": {
  "mu_nd": 0,
  "mu_r0": 0.03,
  "mu_s": 0,
  "sigma_nd": 0,
  "sigma_r0": 0.01,
  "sigma_s": 0.3,
  "T": 9.700000000000001,
  "V": 0.1
 },
 "41": {
  "mu_nd": 0,
  "mu_r0": 0.02,
  "mu_s": 0,
  "sigma_nd": 0,
  "sigma_r0": 0.01,
  "sigma_s": 0.02,
  "T": 10.0,
  "V": 0.1
 },
 "42": {
  "mu_nd": 0,
  "mu_r0": 0.03,
  "mu_s": 0,
  "sigma_nd": 0,
  "sigma_r0": 0.01,
  "sigma_s": 0.06999999999999999,
  "T": 9.700000000000001,
  "V": 0.1
 },
 "43": {
  "mu_nd": 0,
  "mu_r0": 0.01,
  "mu_s": 0,
  "sigma_nd": 0,
  "sigma_r0": 0.01,
  "sigma_s": 0.22,
  "T": 8.4,
  "V": 0.12000000000000001
 },
 "44": {
  "mu_nd": 0,
  "mu_r0": 0.01,
  "mu_s": 0,
  "sigma_nd": 0,
  "sigma_r0": 0.01,
  "sigma_s": 0.19,
  "T": 9.8,
  "V": 0.23
 },
 "45": {
  "mu_nd": 0,
  "mu_r0": 0.03,
  "mu_s": 0,
  "sigma_nd": 0,
  "sigma_r0": 0.02,
  "sigma_s": 0.16,
  "T": 7.9,
  "V": 0.17
 },
 "46": {
  "mu_nd": 0,
  "mu_r0": 0.03,
  "mu_s": 0,
  "sigma_nd": 0,
  "sigma_r0": 0.01,
  "sigma_s": 0.29000000000000004,
  "T": 9.8,
  "V": 0.1
 },
 "47": {
  "mu_nd": 0,
  "mu_r0": 0.04,
  "mu_s": 0,
  "sigma_nd": 0,
  "sigma_r0": 0.01,
  "sigma_s": 0.05,
  "T": 8.2,
  "V": 0.1
 },
 "48": {
  "mu_nd": 0,
  "mu_r0": 0.02,
  "mu_s": 0,
  "sigma_nd": 0,
  "sigma_r0": 0.01,
  "sigma_s": 0.3,
  "T": 9.5,
  "V": 0.1
 },
 "49": {
  "mu_nd": 0,
  "mu_r0": 0.03,
  "mu_s": 0,
  "sigma_nd": 0,
  "sigma_r0": 0.01,
  "sigma_s": 0.25,
  "T": 10.0,
  "V": 0.1
 },
 "50": {
  "mu_nd": 0,
  "mu_r0": 0.02,
  "mu_s": 0,
  "sigma_nd": 0,
  "sigma_r0": 0.01,
  "sigma_s": 0.3,
  "T": 9.5,
  "V": 0.1
 },
 "51": {
  "mu_nd": 0,
  "mu_r0": 0.04,
  "mu_s": 0,
  "sigma_nd": 0,
  "sigma_r0": 0.01,
  "sigma_s": 0.08,
  "T": 9.0,
  "V": 0.1
 },
 "52": {
  "mu_nd": 0,
  "mu_r0": 0.04,
  "mu_s": 0,
  "sigma_nd": 0,
  "sigma_r0": 0.01,
  "sigma_s": 0.12,
  "T": 8.9,
  "V": 0.14
 },
 "53": {
  "mu_nd": 0,
  "mu_r0": 0.01,
  "mu_s": 0,
  "sigma_nd": 0,
  "sigma_r0": 0.01,
  "sigma_s": 0.29000000000000004,
  "T": 7.1000000000000005,
  "V": 0.1
 },
 "54": {
  "mu_nd": 0,
  "mu_r0": 0.02,
  "mu_s": 0,
  "sigma_nd": 0,
  "sigma_r0": 0.01,
  "sigma_s": 0.2,
  "T": 9.6,
  "V": 0.1
 },
 "55": {
  "mu_nd": 0,
  "mu_r0": 0.02,
  "mu_s": 0,
  "sigma_nd": 0,
  "sigma_r0": 0.03,
  "sigma_s": 0.01,
  "T": 9.9,
  "V": 0.11
 },
 "56": {
  "mu_nd": 0,
  "mu_r0": 0.01,
  "mu_s": 0,
  "sigma_nd": 0,
  "sigma_r0": 0.03,
  "sigma_s": 0.03,
  "T": 9.0,
  "V": 0.1
 },
 "57": {
  "mu_nd": 0,
  "mu_r0": 0.03,
  "mu_s": 0,
  "sigma_nd": 0,
  "sigma_r0": 0.01,
  "sigma_s": 0.04,
  "T": 7.5,
  "V": 0.11
 },
 "58": {
  "mu_nd": 0,
  "mu_r0": 0.060000000000000005,
  "mu_s": 0,
  "sigma_nd": 0,
  "sigma_r0": 0.01,
  "sigma_s": 0.05,
  "T": 9.0,
  "V": 0.16
 },
 "59": {
  "mu_nd": 0,
  "mu_r0": 0.01,
  "mu_s": 0,
  "sigma_nd": 0,
  "sigma_r0": 0.04,
  "sigma_s": 0.16,
  "T": 8.600000000000001,
  "V": 0.19
 },
 "60": {
  "mu_nd": 0,
  "mu_r0": 0.02,
  "mu_s": 0,
  "sigma_nd": 0,
  "sigma_r0": 0.01,
  "sigma_s": 0.02,
  "T": 10.0,
  "V": 0.1
 },
 "61": {
  "mu_nd": 0,
  "mu_r0": 0.04,
  "mu_s": 0,
  "sigma_nd": 0,
  "sigma_r0": 0.01,
  "sigma_s": 0.29000000000000004,
  "T": 9.8,
  "V": 0.1
 },
 "62": {
  "mu_nd": 0,
  "mu_r0": 0.04,
  "mu_s": 0,
  "sigma_nd": 0,
  "sigma_r0": 0.01,
  "sigma_s": 0.03,
  "T": 10.0,
  "V": 0.12000000000000001
 }
}