{
 "1": {
  "ramp": 1.82,
  "relative": 0.0,
  "threshold": 0.85
 },
 "2": {
  "ramp": 2.9000000000000004,
  "relative": 0.0,
  "threshold": 0.54
 },
 "3": {
  "ramp": 2.88,
  "relative": 0.0,
  "threshold": 0.54
 },
 "4": {
  "ramp": 1.85,
  "relative": 0.0,
  "threshold": 1.0
 },
 "5": {
  "ramp": 2.91,
  "relative": 0.0,
  "threshold": 0.86
 },
 "6": {
  "ramp": 2.71,
  "relative": 0.0,
  "threshold": 0.46
 },
 "7": {
  "ramp": 2.92,
  "relative": 0.0,
  "threshold": 0.8400000000000001
 },
 "9": {
  "ramp": 2.51,
  "relative": 0.0,
  "threshold": 0.72
 },
 "10": {
  "ramp": 1.32,
  "relative": 0.0,
  "threshold": 0.7000000000000001
 },
 "11": {
  "ramp": 2.94,
  "relative": 0.0,
  "threshold": 0.78
 },
 "13": {
  "ramp": 1.8399999999999999,
  "relative": 0.0,
  "threshold": 0.39
 },
 "14": {
  "ramp": 2.9299999999999997,
  "relative": 0.0,
  "threshold": 0.97
 },
 "20": {
  "ramp": 1.65,
  "relative": 0.0,
  "threshold": 0.77
 },
 "21": {
  "ramp": 1.58,
  "relative": 0.0,
  "threshold": 0.79
 },
 "22": {
  "ramp": 1.24,
  "relative": 0.0,
  "threshold": 0.65
 },
 "23": {
  "ramp": 2.59,
  "relative": 0.0,
  "threshold": 0.44
 },
 "24": {
  "ramp": 2.64,
  "relative": 0.0,
  "threshold": 0.51
 },
 "25": {
  "ramp": 2.51,
  "relative": 0.0,
  "threshold": 0.74
 },
 "26": {
  "ramp": 2.1500000000000004,
  "relative": 0.0,
  "threshold": 0.8200000000000001
 },
 "27": {
  "ramp": 2.17,
  "relative": 0.0,
  "threshold": 0.37
 },
 "28": {
  "ramp": 1.8900000000000001,
  "relative": 0.0,
  "threshold": 0.5
 },
 "29": {
  "ramp": 2.42,
  "relative": 0.0,
  "threshold": 0.73
 },
 "30": {
  "ramp": 1.38,
  "relative": 0.0,
  "threshold": 0.66
 },
 "31": {
  "ramp": 2.04,
  "relative": 0.0,
  "threshold": 0.09999999999999999
 },
 "32": {
  "ramp": 2.6500000000000004,
  "relative": 0.0,
  "threshold": 0.2
 },
 "33": {
  "ramp": 1.04,
  "relative": 0.0,
  "threshold": 0.5
 },
 "34": {
  "ramp": 1.4,
  "relative": 0.0,
  "threshold": 0.67
 },
 "35": {
  "ramp": 1.8399999999999999,
  "relative": 0.0,
  "threshold": 0.98
 },
 "36": {
  "ramp": 2.6799999999999997,
  "relative": 0.0,
  "threshold": 0.98
 },
 "37": {
  "ramp": 1.42,
  "relative": 0.0,
  "threshold": 0.75
 },
 "38": {
  "ramp": 2.7199999999999998,
  "relative": 0.0,
  "threshold": 0.5700000000000001
 },
 "39": {
  "ramp": 2.77,
  "relative": 0.0,
  "threshold": 0.54
 },
 "40": {
  "ramp": 2.73,
  "relative": 0.0,
  "threshold": 0.91
 },
 "41": {
  "ramp": 2.06,
  "relative": 0.0,
  "threshold": 0.92
 },
 "42": {
  "ramp": 2.8200000000000003,
  "relative": 0.0,
  "threshold": 0.9400000000000001
 },
 "43": {
  "ramp": 1.71,
  "relative": 0.0,
  "threshold": 0.8400000000000001
 },
 "44": {
  "ramp": 2.87,
  "relative": 0.0,
  "threshold": 0.87
 },
 "45": {
  "ramp": 1.13,
  "relative": 0.0,
  "threshold": 0.29000000000000004
 },
 "46": {
  "ramp": 2.45,
  "relative": 0.0,
  "threshold": 0.87
 },
 "47": {
  "ramp": 2.52,
  "relative": 0.0,
  "threshold": 0.5
 },
 "48": {
  "ramp": 1.04,
  "relative": 0.0,
  "threshold": 0.5
 },
 "49": {
  "ramp": 1.77,
  "relative": 0.0,
  "threshold": 0.79
 },
 "50": {
  "ramp": 1.6600000000000001,
  "relative": 0.0,
  "threshold": 0.77
 },
 "51": {
  "ramp": 2.7,
  "relative": 0.0,
  "threshold": 0.73
 },
 "52": {
  "ramp": 2.9000000000000004,
  "relative": 0.0,
  "threshold": 0.74
 },
 "53": {
  "ramp": 1.9,
  "relative": 0.0,
  "threshold": 0.86
 },
 "54": {
  "ramp": 2.21,
  "relative": 0.0,
  "threshold": 0.9
 },
 "55": {
  "ramp": 2.94,
  "relative": 0.0,
  "threshold": 0.98
 },
 "56": {
  "ramp": 2.88,
  "relative": 0.0,
  "threshold": 1.0
 },
 "57": {
  "ramp": 2.9699999999999998,
  "relative": 0.0,
  "threshold": 0.81
 },
 "58": {
  "ramp": 1.79,
  "relative": 0.0,
  "threshold": 0.3
 },
 "59": {
  "ramp": 2.8,
  "relative": 0.0,
  "threshold": 0.72
 },
 "60": {
  "ramp": 1.6600000000000001,
  "relative": 0.0,
  "threshold": 0.8200000000000001
 },
 "61": {
  "ramp": 2.4699999999999998,
  "relative": 0.0,
  "threshold": 0.68
 },
 "62": {
  "ramp": 2.98,
  "relative": 0.0,
  "threshold": 0.85
 }
}