{
 "1": {
  "mu_nd": 0,
  "mu_r0": 0.14700000000000002,
  "mu_s": 0,
  "sigma_nd": 0,
  "sigma_r0": 0.073,
  "sigma_s": 3.0,
  "T": 7.5,
  "V": 0.25
 },
 "2": {
  "mu_nd": 0,
  "mu_r0": 0.3,
  "mu_s": 0,
  "sigma_nd": 0,
  "sigma_r0": 0.01,
  "sigma_s": 0.2,
  "T": 4.9,
  "V": 0.2
 },
 "3": {
  "mu_nd": 0,
  "mu_r0": 0.29000000000000004,
  "mu_s": 0,
  "sigma_nd": 0,
  "sigma_r0": 0.058,
  "sigma_s": 1.9000000000000001,
  "T": 4.9,
  "V": 0.25
 },
 "4": {
  "mu_nd": 0,
  "mu_r0": 0.1,
  "mu_s": 0,
  "sigma_nd": 0,
  "sigma_r0": 0.01,
  "sigma_s": 0.5,
  "T": 9.5,
  "V": 0.26
 },
 "5": {
  "mu_nd": 0,
  "mu_r0": 0.274,
  "mu_s": 0,
  "sigma_nd": 0,
  "sigma_r0": 0.032,
  "sigma_s": 2.0,
  "T": 7.4,
  "V": 0.2
 },
 "6": {
  "mu_nd": 0,
  "mu_r0": 0.29700000000000004,
  "mu_s": 0,
  "sigma_nd": 0,
  "sigma_r0": 0.01,
  "sigma_s": 0.5,
  "T": 4.7,
  "V": 0.39
 },
 "7": {
  "mu_nd": 0,
  "mu_r0": 0.3,
  "mu_s": 0,
  "sigma_nd": 0,
  "sigma_r0": 0.036000000000000004,
  "sigma_s": 2.2,
  "T": 7.5,
  "V": 0.26
 },
 "9": {
  "mu_nd": 0,
  "mu_r0": 0.28200000000000003,
  "mu_s": 0,
  "sigma_nd": 0,
  "sigma_r0": 0.052000000000000005,
  "sigma_s": 0.9,
  "T": 6.4,
  "V": 0.2
 },
 "10": {
  "mu_nd": 0,
  "mu_r0": 0.186,
  "mu_s": 0,
  "sigma_nd": 0,
  "sigma_r0": 0.025,
  "sigma_s": 3.0,
  "T": 10.0,
  "V": 0.39
 },
 "11": {
  "mu_nd": 0,
  "mu_r0": 0.267,
  "mu_s": 0,
  "sigma_nd": 0,
  "sigma_r0": 0.037,
  "sigma_s": 2.9000000000000004,
  "T": 6.300000000000001,
  "V": 0.25
 },
 "13": {
  "mu_nd": 0,
  "mu_r0": 0.24100000000000002,
  "mu_s": 0,
  "sigma_nd": 0,
  "sigma_r0": 0.042,
  "sigma_s": 0.30000000000000004,
  "T": 4.800000000000001,
  "V": 0.2
 },
 "14": {
  "mu_nd": 0,
  "mu_r0": 0.28900000000000003,
  "mu_s": 0,
  "sigma_nd": 0,
  "sigma_r0": 0.01,
  "sigma_s": 1.6,
  "T": 9.200000000000001,
  "V": 0.23
 },
 "20": {
  "mu_nd": 0,
  "mu_r0": 0.256,
  "mu_s": 0,
  "sigma_nd": 0,
  "sigma_r0": 0.026000000000000002,
  "sigma_s": 1.5000000000000002,
  "T": 10.0,
  "V": 0.2
 },
 "21": {
  "mu_nd": 0,
  "mu_r0": 0.24000000000000002,
  "mu_s": 0,
  "sigma_nd": 0,
  "sigma_r0": 0.012,
  "sigma_s": 0.1,
  "T": 9.4,
  "V": 0.2
 },
 "22": {
  "mu_nd": 0,
  "mu_r0": 0.249,
  "mu_s": 0,
  "sigma_nd": 0,
  "sigma_r0": 0.015,
  "sigma_s": 0.2,
  "T": 10.0,
  "V": 0.2
 },
 "23": {
  "mu_nd": 0,
  "mu_r0": 0.3,
  "mu_s": 0,
  "sigma_nd": 0,
  "sigma_r0": 0.069,
  "sigma_s": 1.0,
  "T": 4.300000000000001,
  "V": 0.2
 },
 "24": {
  "mu_nd": 0,
  "mu_r0": 0.29700000000000004,
  "mu_s": 0,
  "sigma_nd": 0,
  "sigma_r0": 0.025,
  "sigma_s": 0.2,
  "T": 5.4,
  "V": 0.2
 },
 "25": {
  "mu_nd": 0,
  "mu_r0": 0.278,
  "mu_s": 0,
  "sigma_nd": 0,
  "sigma_r0": 0.062000000000000006,
  "sigma_s": 2.2,
  "T": 7.2,
  "V": 0.21000000000000002
 },
 "26": {
  "mu_nd": 0,
  "mu_r0": 0.29600000000000004,
  "mu_s": 0,
  "sigma_nd": 0,
  "sigma_r0": 0.017,
  "sigma_s": 0.2,
  "T": 9.1,
  "V": 0.2
 },
 "27": {
  "mu_nd": 0,
  "mu_r0": 0.29700000000000004,
  "mu_s": 0,
  "sigma_nd": 0,
  "sigma_r0": 0.012,
  "sigma_s": 0.1,
  "T": 4.4,
  "V": 0.2
 },
 "28": {
  "mu_nd": 0,
  "mu_r0": 0.29700000000000004,
  "mu_s": 0,
  "sigma_nd": 0,
  "sigma_r0": 0.046000000000000006,
  "sigma_s": 0.30000000000000004,
  "T": 6.7,
  "V": 0.2
 },
 "29": {
  "mu_nd": 0,
  "mu_r0": 0.28500000000000003,
  "mu_s": 0,
  "sigma_nd": 0,
  "sigma_r0": 0.035,
  "sigma_s": 1.9000000000000001,
  "T": 7.6000000000000005,
  "V": 0.23
 },
 "30": {
  "mu_nd": 0,
  "mu_r0": 0.274,
  "mu_s": 0,
  "sigma_nd": 0,
  "sigma_r0": 0.02,
  "sigma_s": 0.2,
  "T": 10.0,
  "V": 0.2
 },
 "31": {
  "mu_nd": 0,
  "mu_r0": 0.3,
  "mu_s": 0,
  "sigma_nd": 0,
  "sigma_r0": 0.017,
  "sigma_s": 0.1,
  "T": 1.4,
  "V": 0.2
 },
 "32": {
  "mu_nd": 0,
  "mu_r0": 0.265,
  "mu_s": 0,
  "sigma_nd": 0,
  "sigma_r0": 0.051000000000000004,
  "sigma_s": 0.1,
  "T": 2.9000000000000004,
  "V": 0.48000000000000004
 },
 "33": {
  "mu_nd": 0,
  "mu_r0": 0.263,
  "mu_s": 0,
  "sigma_nd": 0,
  "sigma_r0": 0.018000000000000002,
  "sigma_s": 0.30000000000000004,
  "T": 10.0,
  "V": 0.2
 },
 "34": {
  "mu_nd": 0,
  "mu_r0": 0.279,
  "mu_s": 0,
  "sigma_nd": 0,
  "sigma_r0": 0.017,
  "sigma_s": 0.2,
  "T": 10.0,
  "V": 0.2
 },
 "35": {
  "mu_nd": 0,
  "mu_r0": 0.10700000000000001,
  "mu_s": 0,
  "sigma_nd": 0,
  "sigma_r0": 0.052000000000000005,
  "sigma_s": 2.8000000000000003,
  "T": 10.0,
  "V": 0.2
 },
 "36": {
  "mu_nd": 0,
  "mu_r0": 0.271,
  "mu_s": 0,
  "sigma_nd": 0,
  "sigma_r0": 0.013000000000000001,
  "sigma_s": 1.5000000000000002,
  "T": 10.0,
  "V": 0.30000000000000004
 },
 "37": {
  "mu_nd": 0,
  "mu_r0": 0.24300000000000002,
  "mu_s": 0,
  "sigma_nd": 0,
  "sigma_r0": 0.03,
  "sigma_s": 0.9,
  "T": 9.9,
  "V": 0.2
 },
 "38": {
  "mu_nd": 0,
  "mu_r0": 0.24100000000000002,
  "mu_s": 0,
  "sigma_nd": 0,
  "sigma_r0": 0.054,
  "sigma_s": 0.9,
  "T": 6.2,
  "V": 0.48000000000000004
 },
 "39": {
  "mu_nd": 0,
  "mu_r0": 0.29700000000000004,
  "mu_s": 0,
  "sigma_nd": 0,
  "sigma_r0": 0.03,
  "sigma_s": 0.1,
  "T": 5.3,
  "V": 0.2
 },
 "40": {
  "mu_nd": 0,
  "mu_r0": 0.29600000000000004,
  "mu_s": 0,
  "sigma_nd": 0,
  "sigma_r0": 0.054,
  "sigma_s": 0.30000000000000004,
  "T": 8.8,
  "V": 0.23
 },
 "41": {
  "mu_nd": 0,
  "mu_r0": 0.24000000000000002,
  "mu_s": 0,
  "sigma_nd": 0,
  "sigma_r0": 0.037,
  "sigma_s": 1.4000000000000001,
  "T": 9.4,
  "V": 0.22
 },
 "42": {
  "mu_nd": 0,
  "mu_r0": 0.28500000000000003,
  "mu_s": 0,
  "sigma_nd": 0,
  "sigma_r0": 0.018000000000000002,
  "sigma_s": 0.30000000000000004,
  "T": 9.200000000000001,
  "V": 0.2
 },
 "43": {
  "mu_nd": 0,
  "mu_r0": 0.24400000000000002,
  "mu_s": 0,
  "sigma_nd": 0,
  "sigma_r0": 0.012,
  "sigma_s": 1.1,
  "T": 9.9,
  "V": 0.2
 },
 "44": {
  "mu_nd": 0,
  "mu_r0": 0.261,
  "mu_s": 0,
  "sigma_nd": 0,
  "sigma_r0": 0.017,
  "sigma_s": 2.8000000000000003,
  "T": 7.5,
  "V": 0.26
 },
 "45": {
  "mu_nd": 0,
  "mu_r0": 0.24100000000000002,
  "mu_s": 0,
  "sigma_nd": 0,
  "sigma_r0": 0.04,
  "sigma_s": 2.1,
  "T": 5.5,
  "V": 0.27
 },
 "46": {
  "mu_nd": 0,
  "mu_r0": 0.29300000000000004,
  "mu_s": 0,
  "sigma_nd": 0,
  "sigma_r0": 0.024,
  "sigma_s": 1.8000000000000003,
  "T": 8.600000000000001,
  "V": 0.21000000000000002
 },
 "47": {
  "mu_nd": 0,
  "mu_r0": 0.3,
  "mu_s": 0,
  "sigma_nd": 0,
  "sigma_r0": 0.038,
  "sigma_s": 1.9000000000000001,
  "T": 6.2,
  "V": 0.22
 },
 "48": {
  "mu_nd": 0,
  "mu_r0": 0.252,
  "mu_s": 0,
  "sigma_nd": 0,
  "sigma_r0": 0.026000000000000002,
  "sigma_s": 0.5,
  "T": 9.4,
  "V": 0.2
 },
 "49": {
  "mu_nd": 0,
  "mu_r0": 0.28500000000000003,
  "mu_s": 0,
  "sigma_nd": 0,
  "sigma_r0": 0.020999999999999998,
  "sigma_s": 2.1,
  "T": 10.0,
  "V": 0.2
 },
 "50": {
  "mu_nd": 0,
  "mu_r0": 0.281,
  "mu_s": 0,
  "sigma_nd": 0,
  "sigma_r0": 0.013000000000000001,
  "sigma_s": 1.6,
  "T": 10.0,
  "V": 0.2
 },
 "51": {
  "mu_nd": 0,
  "mu_r0": 0.28700000000000003,
  "mu_s": 0,
  "sigma_nd": 0,
  "sigma_r0": 0.036000000000000004,
  "sigma_s": 0.7000000000000001,
  "T": 6.4,
  "V": 0.21000000000000002
 },
 "52": {
  "mu_nd": 0,
  "mu_r0": 0.3,
  "mu_s": 0,
  "sigma_nd": 0,
  "sigma_r0": 0.024,
  "sigma_s": 0.2,
  "T": 6.7,
  "V": 0.33
 },
 "53": {
  "mu_nd": 0,
  "mu_r0": 0.25,
  "mu_s": 0,
  "sigma_nd": 0,
  "sigma_r0": 0.017,
  "sigma_s": 0.30000000000000004,
  "T": 9.4,
  "V": 0.2
 },
 "54": {
  "mu_nd": 0,
  "mu_r0": 0.268,
  "mu_s": 0,
  "sigma_nd": 0,
  "sigma_r0": 0.028000000000000004,
  "sigma_s": 0.2,
  "T": 9.8,
  "V": 0.2
 },
 "55": {
  "mu_nd": 0,
  "mu_r0": 0.259,
  "mu_s": 0,
  "sigma_nd": 0,
  "sigma_r0": 0.013000000000000001,
  "sigma_s": 2.4000000000000004,
  "T": 8.600000000000001,
  "V": 0.23
 },
 "56": {
  "mu_nd": 0,
  "mu_r0": 0.252,
  "mu_s": 0,
  "sigma_nd": 0,
  "sigma_r0": 0.01,
  "sigma_s": 2.0,
  "T": 9.0,
  "V": 0.29000000000000004
 },
 "57": {
  "mu_nd": 0,
  "mu_r0": 0.271,
  "mu_s": 0,
  "sigma_nd": 0,
  "sigma_r0": 0.028000000000000004,
  "sigma_s": 2.5000000000000004,
  "T": 6.300000000000001,
  "V": 0.2
 },