{
 "as1t": {
  "coherence": 0.15,
  "dt_sample": 0.06999999999999999,
  "ramp": 1.85,
  "relative": 0.04,
  "sigma": 0.49,
  "speed": -0.020000000000000018,
  "threshold": 0.42000000000000004
 },
 "bd6t": {
  "coherence": 0.15,
  "dt_sample": 0.03,
  "ramp": 1.69,
  "relative": 0.25,
  "sigma": 0.5800000000000001,
  "speed": -0.14,
  "threshold": 0.38
 },
 "bl1t": {
  "coherence": 0.15,
  "dt_sample": 0.03,
  "ramp": 1.27,
  "relative": 0.51,
  "sigma": 0.26,
  "speed": -0.08000000000000002,
  "threshold": 0.2
 },
 "hsft": {
  "coherence": 0.15,
  "dt_sample": 0.03,
  "ramp": 1.73,
  "relative": 0.04,
  "sigma": 0.45,
  "speed": -0.07,
  "threshold": 0.36000000000000004
 },
 "hsgt": {
  "coherence": 0.15,
  "dt_sample": 0.03,
  "ramp": 1.8,
  "relative": 0.05,
  "sigma": 0.5700000000000001,
  "speed": -0.04000000000000001,
  "threshold": 0.35000000000000003
 },
 "kd6t": {
  "coherence": 0.15,
  "dt_sample": 0.05,
  "ramp": 1.91,
  "relative": 0.01,
  "sigma": 0.48000000000000004,
  "speed": -0.06,
  "threshold": 0.45
 },
 "kd9t": {
  "coherence": 0.15,
  "dt_sample": 0.060000000000000005,
  "ramp": 1.85,
  "relative": 0.03,
  "sigma": 0.41000000000000003,
  "speed": -0.08000000000000002,
  "threshold": 0.44
 },
 "kmat": {
  "coherence": 0.15,
  "dt_sample": 0.060000000000000005,
  "ramp": 1.9000000000000001,
  "relative": 0.28,
  "sigma": 0.44,
  "speed": -0.07,
  "threshold": 0.35000000000000003
 },
 "ku4t": {
  "coherence": 0.15,
  "dt_sample": 0.08,
  "ramp": 1.8,
  "relative": 0.31,
  "sigma": 0.24000000000000002,
  "speed": -0.04000000000000001,
  "threshold": 0.26
 },
 "na1t": {
  "coherence": 0.15,
  "dt_sample": 0.01,
  "ramp": 1.74,
  "relative": 0.08,
  "sigma": 0.5,
  "speed": -0.03,
  "threshold": 0.28
 },
 "rmbt": {
  "coherence": 0.15,
  "dt_sample": 0.06999999999999999,
  "ramp": 1.71,
  "relative": 0.37,
  "sigma": 0.51,
  "speed": -0.1,
  "threshold": 0.36000000000000004
 },
 "rt2t": {
  "coherence": 0.15,
  "dt_sample": 0.09,
  "ramp": 1.86,
  "relative": 0.01,
  "sigma": 0.23,
  "speed": -0.07,
  "threshold": 0.33
 },
 "rt3t": {
  "coherence": 0.15,
  "dt_sample": 0.05,
  "ramp": 1.96,
  "relative": 0.05,
  "sigma": 0.6,
  "speed": -0.03,
  "threshold": 0.49
 },
 "rt5t": {
  "coherence": 0.15,
  "dt_sample": 0.06999999999999999,
  "ramp": 2.0,
  "relative": 0.49,
  "sigma": 0.5800000000000001,
  "speed": -0.08000000000000002,
  "threshold": 0.41000000000000003
 },
 "scat": {
  "coherence": 0.15,
  "dt_sample": 0.03,
  "ramp": 1.97,
  "relative": 0.08,
  "sigma": 0.5,
  "speed": -0.020000000000000018,
  "threshold": 0.38
 },
 "ta5t": {
  "coherence": 0.15,
  "dt_sample": 0.06999999999999999,
  "ramp": 2.0,
  "relative": 0.2,
  "sigma": 0.42000000000000004,
  "speed": -0.14,
  "threshold": 0.46
 },
 "vf1t": {
  "coherence": 0.15,
  "dt_sample": 0.04,
  "ramp": 1.49,
  "relative": 0.05,
  "sigma": 0.48000000000000004,
  "speed": -0.12000000000000001,
  "threshold": 0.35000000000000003
 },
 "zk1t": {
  "coherence": 0.15,
  "dt_sample": 0.060000000000000005,
  "ramp": 1.54,
  "relative": 0.12,
  "sigma": 0.51,
  "speed": -0.13,
  "threshold": 0.38
 }
}