{
 "as1t": {
  "coherence": 0.1,
  "dt_sample": 0.1,
  "ramp": 1.6,
  "relative": 0.03,
  "sigma": 0.392,
  "speed": -0.020000000000000018,
  "threshold": 0.36000000000000004
 },
 "bd6t": {
  "coherence": 0.1,
  "dt_sample": 0.041,
  "ramp": 1.97,
  "relative": 0.16,
  "sigma": 0.505,
  "speed": -0.1,
  "threshold": 0.44
 },
 "bl1t": {
  "coherence": 0.1,
  "dt_sample": 0.083,
  "ramp": 0.74,
  "relative": 1.0,
  "sigma": 0.099,
  "speed": -0.04000000000000001,
  "threshold": 0.61
 },
 "hsft": {
  "coherence": 0.1,
  "dt_sample": 0.053000000000000005,
  "ramp": 1.59,
  "relative": 0.3,
  "sigma": 0.292,
  "speed": -0.05000000000000002,
  "threshold": 0.26
 },
 "hsgt": {
  "coherence": 0.1,
  "dt_sample": 0.05,
  "ramp": 1.01,
  "relative": 0.8400000000000001,
  "sigma": 0.078,
  "speed": -0.07,
  "threshold": 0.12
 },
 "kd6t": {
  "coherence": 0.1,
  "dt_sample": 0.074,
  "ramp": 1.68,
  "relative": 0.31,
  "sigma": 0.451,
  "speed": -0.05000000000000002,
  "threshold": 0.34
 },
 "kd9t": {
  "coherence": 0.1,
  "dt_sample": 0.051000000000000004,
  "ramp": 1.82,
  "relative": 0.06999999999999999,
  "sigma": 0.584,
  "speed": -0.16,
  "threshold": 0.48000000000000004
 },
 "kmat": {
  "coherence": 0.1,
  "dt_sample": 0.026000000000000002,
  "ramp": 1.75,
  "relative": 0.6,
  "sigma": 0.215,
  "speed": -0.09000000000000001,
  "threshold": 0.22
 },
 "ku4t": {
  "coherence": 0.1,
  "dt_sample": 0.037000000000000005,
  "ramp": 1.3599999999999999,
  "relative": 0.36000000000000004,
  "sigma": 0.384,
  "speed": -0.04000000000000001,
  "threshold": 0.2
 },
 "na1t": {
  "coherence": 0.1,
  "dt_sample": 0.008,
  "ramp": 1.49,
  "relative": 0.16,
  "sigma": 0.545,
  "speed": -0.020000000000000018,
  "threshold": 0.21000000000000002
 },
 "rmbt": {
  "coherence": 0.1,
  "dt_sample": 0.032,
  "ramp": 1.05,
  "relative": 0.22,
  "sigma": 0.019000000000000003,
  "speed": -0.1,
  "threshold": 0.9500000000000001
 },
 "rt2t": {
  "coherence": 0.1,
  "dt_sample": 0.052000000000000005,
  "ramp": 1.58,
  "relative": 0.02,
  "sigma": 0.323,
  "speed": -0.06,
  "threshold": 0.27
 },
 "rt3t": {
  "coherence": 0.1,
  "dt_sample": 0.075,
  "ramp": 1.91,
  "relative": 0.15000000000000002,
  "sigma": 0.455,
  "speed": -0.020000000000000018,
  "threshold": 0.43
 },
 "rt5t": {
  "coherence": 0.1,
  "dt_sample": 0.083,
  "ramp": 1.66,
  "relative": 0.42000000000000004,
  "sigma": 0.588,
  "speed": -0.06,
  "threshold": 0.38
 },
 "scat": {
  "coherence": 0.1,
  "dt_sample": 0.021,
  "ramp": 1.23,
  "relative": 0.17,
  "sigma": 0.504,
  "speed": -0.020000000000000018,
  "threshold": 0.21000000000000002
 },
 "ta5t": {
  "coherence": 0.1,
  "dt_sample": 0.059000000000000004,
  "ramp": 1.98,
  "relative": 0.17,
  "sigma": 0.498,
  "speed": -0.16,
  "threshold": 0.46
 },
 "vf1t": {
  "coherence": 0.1,
  "dt_sample": 0.07,
  "ramp": 1.99,
  "relative": 0.12,
  "sigma": 0.363,
  "speed": -0.1,
  "threshold": 0.42000000000000004
 },
 "zk1t": {
  "coherence": 0.1,
  "dt_sample": 0.043000000000000003,
  "ramp": 1.3599999999999999,
  "relative": 0.8400000000000001,
  "sigma": 0.08700000000000001,
  "speed": -0.020000000000000018,
  "threshold": 0.09
 }
}