{
 "as1t": {
  "coherence": 0.1,
  "dt_sample": 0.05,
  "ramp": 1.545,
  "relative": 0.379,
  "sigma": 0.31,
  "threshold_accuracy": 0.104,
  "threshold_speed": 0.048
 },
 "bd6t": {
  "coherence": 0.1,
  "dt_sample": 0.05,
  "ramp": 1.6680000000000001,
  "relative": 0.21800000000000003,
  "sigma": 0.37,
  "threshold_accuracy": 0.23,
  "threshold_speed": 0.094
 },
 "bl1t": {
  "coherence": 0.1,
  "dt_sample": 0.05,
  "ramp": 1.823,
  "relative": 0.159,
  "sigma": 0.45,
  "threshold_accuracy": 0.273,
  "threshold_speed": 0.122
 },
 "hsft": {
  "coherence": 0.1,
  "dt_sample": 0.05,
  "ramp": 1.783,
  "relative": 0.12,
  "sigma": 0.37,
  "threshold_accuracy": 0.23800000000000002,
  "threshold_speed": 0.127
 },
 "hsgt": {
  "coherence": 0.1,
  "dt_sample": 0.05,
  "ramp": 1.464,
  "relative": 0.057,
  "sigma": 0.38,
  "threshold_accuracy": 0.159,
  "threshold_speed": 0.09999999999999999
 },
 "kd6t": {
  "coherence": 0.1,
  "dt_sample": 0.05,
  "ramp": 1.709,
  "relative": 0.365,
  "sigma": 0.27,
  "threshold_accuracy": 0.15300000000000002,
  "threshold_speed": 0.031
 },
 "kd9t": {
  "coherence": 0.1,
  "dt_sample": 0.05,
  "ramp": 1.884,
  "relative": 0.17300000000000001,
  "sigma": 0.32,
  "threshold_accuracy": 0.259,
  "threshold_speed": 0.17
 },
 "kmat": {
  "coherence": 0.1,
  "dt_sample": 0.05,
  "ramp": 1.869,
  "relative": 0.199,
  "sigma": 0.5,
  "threshold_accuracy": 0.262,
  "threshold_speed": 0.14400000000000002
 },
 "ku4t": {
  "coherence": 0.1,
  "dt_sample": 0.05,
  "ramp": 1.913,
  "relative": 0.379,
  "sigma": 0.24000000000000002,
  "threshold_accuracy": 0.09799999999999999,
  "threshold_speed": 0.061000000000000006
 },
 "na1t": {
  "coherence": 0.1,
  "dt_sample": 0.05,
  "ramp": 1.601,
  "relative": 0.06999999999999999,
  "sigma": 0.22,
  "threshold_accuracy": 0.119,
  "threshold_speed": 0.064
 },
 "rmbt": {
  "coherence": 0.1,
  "dt_sample": 0.05,
  "ramp": 1.771,
  "relative": 0.41300000000000003,
  "sigma": 0.46,
  "threshold_accuracy": 0.23700000000000002,
  "threshold_speed": 0.102
 },
 "rt2t": {
  "coherence": 0.1,
  "dt_sample": 0.05,
  "ramp": 1.698,
  "relative": 0.086,
  "sigma": 0.27,
  "threshold_accuracy": 0.136,
  "threshold_speed": 0.062000000000000006
 },
 "rt3t": {
  "coherence": 0.1,
  "dt_sample": 0.05,
  "ramp": 1.556,
  "relative": 0.102,
  "sigma": 0.49,
  "threshold_accuracy": 0.24100000000000002,
  "threshold_speed": 0.21100000000000002
 },
 "rt5t": {
  "coherence": 0.1,
  "dt_sample": 0.05,
  "ramp": 1.651,
  "relative": 0.66,
  "sigma": 0.47000000000000003,
  "threshold_accuracy": 0.03,
  "threshold_speed": 0.057
 },
 "scat": {
  "coherence": 0.1,
  "dt_sample": 0.05,
  "ramp": 1.7469999999999999,
  "relative": 0.037,
  "sigma": 0.31,
  "threshold_accuracy": 0.2,
  "threshold_speed": 0.186
 },
 "ta5t": {
  "coherence": 0.1,
  "dt_sample": 0.05,
  "ramp": 1.8210000000000002,
  "relative": 0.47000000000000003,
  "sigma": 0.32,
  "threshold_accuracy": 0.17500000000000002,
  "threshold_speed": 0.082
 },
 "vf1t": {
  "coherence": 0.1,
  "dt_sample": 0.05,
  "ramp": 1.909,
  "relative": 0.323,
  "sigma": 0.45,
  "threshold_accuracy": 0.266,
  "threshold_speed": 0.102
 },
 "zk1t": {
  "coherence": 0.1,
  "dt_sample": 0.05,
  "ramp": 1.74,
  "relative": 0.32,
  "sigma": 0.49,
  "threshold_accuracy": 0.24100000000000002,
  "threshold_speed": 0.093
 }
}