{
 "as1t": {
  "coherence": 0.1,
  "dt_sample": 0.074,
  "nd_mean": 0.48300000000000004,
  "nd_sigma": 0.135,
  "sigma": 0.5700000000000001,
  "T_accuracy": 1.173,
  "T_speed": 0.23900000000000002
 },
 "bd6t": {
  "coherence": 0.1,
  "dt_sample": 0.018000000000000002,
  "nd_mean": 0.496,
  "nd_sigma": 0.128,
  "sigma": 0.48000000000000004,
  "T_accuracy": 1.306,
  "T_speed": 0.616
 },
 "bl1t": {
  "coherence": 0.1,
  "dt_sample": 0.013000000000000001,
  "nd_mean": 0.48700000000000004,
  "nd_sigma": 0.127,
  "sigma": 0.5800000000000001,
  "T_accuracy": 1.5370000000000001,
  "T_speed": 0.30600000000000005
 },
 "hsft": {
  "coherence": 0.1,
  "dt_sample": 0.005,
  "nd_mean": 0.47800000000000004,
  "nd_sigma": 0.121,
  "sigma": 0.55,
  "T_accuracy": 1.679,
  "T_speed": 0.4
 },
 "hsgt": {
  "coherence": 0.1,
  "dt_sample": 0.07300000000000001,
  "nd_mean": 0.48400000000000004,
  "nd_sigma": 0.14100000000000001,
  "sigma": 0.39,
  "T_accuracy": 0.942,
  "T_speed": 0.1
 },
 "kd6t": {
  "coherence": 0.1,
  "dt_sample": 0.07300000000000001,
  "nd_mean": 0.491,
  "nd_sigma": 0.125,
  "sigma": 0.5800000000000001,
  "T_accuracy": 1.233,
  "T_speed": 0.24000000000000002
 },
 "kd9t": {
  "coherence": 0.1,
  "dt_sample": 0.063,
  "nd_mean": 0.49,
  "nd_sigma": 0.136,
  "sigma": 0.46,
  "T_accuracy": 1.099,
  "T_speed": 0.157
 },
 "kmat": {
  "coherence": 0.1,
  "dt_sample": 0.069,
  "nd_mean": 0.5,
  "nd_sigma": 0.132,
  "sigma": 0.38,
  "T_accuracy": 0.968,
  "T_speed": 0.101
 },
 "ku4t": {
  "coherence": 0.1,
  "dt_sample": 0.032,
  "nd_mean": 0.505,
  "nd_sigma": 0.15000000000000002,
  "sigma": 0.35000000000000003,
  "T_accuracy": 1.0070000000000001,
  "T_speed": 0.389
 },
 "na1t": {
  "coherence": 0.1,
  "dt_sample": 0.083,
  "nd_mean": 0.466,
  "nd_sigma": 0.11599999999999999,
  "sigma": 0.37,
  "T_accuracy": 0.908,
  "T_speed": 0.594
 },
 "rmbt": {
  "coherence": 0.1,
  "dt_sample": 0.007,
  "nd_mean": 0.48100000000000004,
  "nd_sigma": 0.123,
  "sigma": 0.19,
  "T_accuracy": 0.91,
  "T_speed": 0.715
 },
 "rt2t": {
  "coherence": 0.1,
  "dt_sample": 0.076,
  "nd_mean": 0.48000000000000004,
  "nd_sigma": 0.127,
  "sigma": 0.39,
  "T_accuracy": 0.856,
  "T_speed": 0.392
 },
 "rt3t": {
  "coherence": 0.1,
  "dt_sample": 0.017,
  "nd_mean": 0.48400000000000004,
  "nd_sigma": 0.125,
  "sigma": 0.5800000000000001,
  "T_accuracy": 1.483,
  "T_speed": 0.385
 },
 "rt5t": {
  "coherence": 0.1,
  "dt_sample": 0.010000000000000002,
  "nd_mean": 0.493,
  "nd_sigma": 0.136,
  "sigma": 0.25,
  "T_accuracy": 0.974,
  "T_speed": 0.21500000000000002
 },
 "scat": {
  "coherence": 0.1,
  "dt_sample": 0.065,
  "nd_mean": 0.48300000000000004,
  "nd_sigma": 0.13,
  "sigma": 0.56,
  "T_accuracy": 1.201,
  "T_speed": 0.328
 },
 "ta5t": {
  "coherence": 0.1,
  "dt_sample": 0.031,
  "nd_mean": 0.47400000000000003,
  "nd_sigma": 0.124,
  "sigma": 0.35000000000000003,
  "T_accuracy": 1.0290000000000001,
  "T_speed": 0.324
 },
 "vf1t": {
  "coherence": 0.1,
  "dt_sample": 0.028,
  "nd_mean": 0.499,
  "nd_sigma": 0.133,
  "sigma": 0.33,
  "T_accuracy": 0.978,
  "T_speed": 0.10900000000000001
 },
 "zk1t": {
  "coherence": 0.1,
  "dt_sample": 0.030000000000000002,
  "nd_mean": 0.46900000000000003,
  "nd_sigma": 0.119,
  "sigma": 0.16,
  "T_accuracy": 0.755,
  "T_speed": 0.45799999999999996
 }
}