{
 "as1t": {
  "coherence": 0.5,
  "dt_sample": 0.05,
  "ramp": 1.966,
  "relative": 0.106,
  "sigma": 0.51,
  "threshold_accuracy": 0.515,
  "threshold_speed": 0.514
 },
 "bd6t": {
  "coherence": 0.5,
  "dt_sample": 0.05,
  "ramp": 1.686,
  "relative": 0.08399999999999999,
  "sigma": 0.51,
  "threshold_accuracy": 0.501,
  "threshold_speed": 0.28600000000000003
 },
 "bl1t": {
  "coherence": 0.5,
  "dt_sample": 0.05,
  "ramp": 1.8399999999999999,
  "relative": 0.14200000000000002,
  "sigma": 0.5,
  "threshold_accuracy": 0.553,
  "threshold_speed": 0.313
 },
 "hsft": {
  "coherence": 0.5,
  "dt_sample": 0.05,
  "ramp": 1.9809999999999999,
  "relative": 0.063,
  "sigma": 0.5,
  "threshold_accuracy": 0.495,
  "threshold_speed": 0.396
 },
 "hsgt": {
  "coherence": 0.5,
  "dt_sample": 0.05,
  "ramp": 1.948,
  "relative": 0.05,
  "sigma": 0.51,
  "threshold_accuracy": 0.47900000000000004,
  "threshold_speed": 0.398
 },
 "kd6t": {
  "coherence": 0.5,
  "dt_sample": 0.05,
  "ramp": 1.98,
  "relative": 0.053000000000000005,
  "sigma": 0.5,
  "threshold_accuracy": 0.548,
  "threshold_speed": 0.491
 },
 "kd9t": {
  "coherence": 0.5,
  "dt_sample": 0.05,
  "ramp": 1.9809999999999999,
  "relative": 0.08299999999999999,
  "sigma": 0.5,
  "threshold_accuracy": 0.5770000000000001,
  "threshold_speed": 0.46900000000000003
 },
 "kmat": {
  "coherence": 0.5,
  "dt_sample": 0.05,
  "ramp": 1.9929999999999999,
  "relative": 0.054,
  "sigma": 0.51,
  "threshold_accuracy": 0.509,
  "threshold_speed": 0.391
 },
 "ku4t": {
  "coherence": 0.5,
  "dt_sample": 0.05,
  "ramp": 1.915,
  "relative": 0.024,
  "sigma": 0.51,
  "threshold_accuracy": 0.41400000000000003,
  "threshold_speed": 0.336
 },
 "na1t": {
  "coherence": 0.5,
  "dt_sample": 0.05,
  "ramp": 1.847,
  "relative": 0.060000000000000005,
  "sigma": 0.52,
  "threshold_accuracy": 0.38,
  "threshold_speed": 0.334
 },
 "rmbt": {
  "coherence": 0.5,
  "dt_sample": 0.05,
  "ramp": 1.8090000000000002,
  "relative": 0.08,
  "sigma": 0.52,
  "threshold_accuracy": 0.612,
  "threshold_speed": 0.362
 },
 "rt2t": {
  "coherence": 0.5,
  "dt_sample": 0.05,
  "ramp": 1.9769999999999999,
  "relative": 0.012,
  "sigma": 0.52,
  "threshold_accuracy": 0.398,
  "threshold_speed": 0.328
 },
 "rt3t": {
  "coherence": 0.5,
  "dt_sample": 0.05,
  "ramp": 1.8479999999999999,
  "relative": 0.014,
  "sigma": 0.53,
  "threshold_accuracy": 0.523,
  "threshold_speed": 0.49
 },
 "rt5t": {
  "coherence": 0.5,
  "dt_sample": 0.05,
  "ramp": 1.802,
  "relative": 0.20800000000000002,
  "sigma": 0.75,
  "threshold_accuracy": 0.561,
  "threshold_speed": 0.41600000000000004
 },
 "scat": {
  "coherence": 0.5,
  "dt_sample": 0.05,
  "ramp": 1.949,
  "relative": 0.04,
  "sigma": 0.5,
  "threshold_accuracy": 0.504,
  "threshold_speed": 0.442
 },
 "ta5t": {
  "coherence": 0.5,
  "dt_sample": 0.05,
  "ramp": 1.983,
  "relative": 0.06999999999999999,
  "sigma": 0.52,
  "threshold_accuracy": 0.651,
  "threshold_speed": 0.395
 },
 "vf1t": {
  "coherence": 0.5,
  "dt_sample": 0.05,
  "ramp": 1.642,
  "relative": 0.046000000000000006,
  "sigma": 0.5700000000000001,
  "threshold_accuracy": 0.497,
  "threshold_speed": 0.29200000000000004
 },
 "zk1t": {
  "coherence": 0.5,
  "dt_sample": 0.05,
  "ramp": 1.97,
  "relative": 0.093,
  "sigma": 0.51,
  "threshold_accuracy": 0.602,
  "threshold_speed": 0.34700000000000003
 }
}