{
 "as1t": {
  "coherence": 0.1,
  "dt_sample": 0.05,
  "ramp": 1.8900000000000001,
  "relative": 0.393,
  "sigma": 0.33,
  "threshold_accuracy": 0.269,
  "threshold_speed": 0.126
 },
 "bd6t": {
  "coherence": 0.1,
  "dt_sample": 0.05,
  "ramp": 1.7530000000000001,
  "relative": 0.164,
  "sigma": 0.33,
  "threshold_accuracy": 0.7100000000000001,
  "threshold_speed": 0.112
 },
 "bl1t": {
  "coherence": 0.1,
  "dt_sample": 0.05,
  "ramp": 1.7189999999999999,
  "relative": 0.21000000000000002,
  "sigma": 0.4,
  "threshold_accuracy": 0.7030000000000001,
  "threshold_speed": 0.081
 },
 "hsft": {
  "coherence": 0.1,
  "dt_sample": 0.05,
  "ramp": 1.704,
  "relative": 0.802,
  "sigma": 0.31,
  "threshold_accuracy": 0.36100000000000004,
  "threshold_speed": 0.194
 },
 "hsgt": {
  "coherence": 0.1,
  "dt_sample": 0.05,
  "ramp": 1.2810000000000001,
  "relative": 0.529,
  "sigma": 0.22,
  "threshold_accuracy": 0.253,
  "threshold_speed": 0.47300000000000003
 },
 "kd6t": {
  "coherence": 0.1,
  "dt_sample": 0.05,
  "ramp": 1.936,
  "relative": 0.734,
  "sigma": 0.69,
  "threshold_accuracy": 0.7070000000000001,
  "threshold_speed": 0.096
 },
 "kd9t": {
  "coherence": 0.1,
  "dt_sample": 0.05,
  "ramp": 1.732,
  "relative": 0.46900000000000003,
  "sigma": 0.23,
  "threshold_accuracy": 0.18000000000000002,
  "threshold_speed": 0.507
 },
 "kmat": {
  "coherence": 0.1,
  "dt_sample": 0.05,
  "ramp": 1.228,
  "relative": 0.071,
  "sigma": 0.25,
  "threshold_accuracy": 0.675,
  "threshold_speed": 0.613
 },
 "ku4t": {
  "coherence": 0.1,
  "dt_sample": 0.05,
  "ramp": 1.982,
  "relative": 0.18500000000000003,
  "sigma": 0.45,
  "threshold_accuracy": 0.20600000000000002,
  "threshold_speed": 0.14300000000000002
 },
 "na1t": {
  "coherence": 0.1,
  "dt_sample": 0.05,
  "ramp": 1.655,
  "relative": 0.2,
  "sigma": 0.21000000000000002,
  "threshold_accuracy": 0.5650000000000001,
  "threshold_speed": 0.605
 },
 "rmbt": {
  "coherence": 0.1,
  "dt_sample": 0.05,
  "ramp": 1.431,
  "relative": 0.403,
  "sigma": 0.26,
  "threshold_accuracy": 0.028000000000000004,
  "threshold_speed": 0.049
 },
 "rt2t": {
  "coherence": 0.1,
  "dt_sample": 0.05,
  "ramp": 1.8519999999999999,
  "relative": 0.188,
  "sigma": 0.2,
  "threshold_accuracy": 0.015,
  "threshold_speed": 0.034
 },
 "rt3t": {
  "coherence": 0.1,
  "dt_sample": 0.05,
  "ramp": 1.808,
  "relative": 0.859,
  "sigma": 0.5700000000000001,
  "threshold_accuracy": 0.078,
  "threshold_speed": 0.24600000000000002
 },
 "rt5t": {
  "coherence": 0.1,
  "dt_sample": 0.05,
  "ramp": 1.9020000000000001,
  "relative": 0.906,
  "sigma": 0.75,
  "threshold_accuracy": 0.342,
  "threshold_speed": 0.073
 },
 "scat": {
  "coherence": 0.1,
  "dt_sample": 0.05,
  "ramp": 1.634,
  "relative": 0.67,
  "sigma": 0.45,
  "threshold_accuracy": 0.447,
  "threshold_speed": 0.366
 },
 "ta5t": {
  "coherence": 0.1,
  "dt_sample": 0.05,
  "ramp": 1.709,
  "relative": 0.377,
  "sigma": 0.23,
  "threshold_accuracy": 0.442,
  "threshold_speed": 0.08299999999999999
 },
 "vf1t": {
  "coherence": 0.1,
  "dt_sample": 0.05,
  "ramp": 1.57,
  "relative": 0.045000000000000005,
  "sigma": 0.25,
  "threshold_accuracy": 0.6900000000000001,
  "threshold_speed": 0.054
 },
 "zk1t": {
  "coherence": 0.1,
  "dt_sample": 0.05,
  "ramp": 1.667,
  "relative": 0.325,
  "sigma": 0.47000000000000003,
  "threshold_accuracy": 0.715,
  "threshold_speed": 0.458
 }
}