{
 "as1t": {
  "mu_nd": 0.324,
  "mu_r0": 0.19,
  "mu_s": 0,
  "sigma_nd": 0,
  "sigma_r0": 0.08,
  "sigma_s": 0.05,
  "T_accuracy": 5.614999999999999,
  "T_speed": 5.883,
  "V": 0.41000000000000003
 },
 "bd6t": {
  "mu_nd": 0.28900000000000003,
  "mu_r0": 0.19,
  "mu_s": 0,
  "sigma_nd": 0,
  "sigma_r0": 0.09,
  "sigma_s": 0.04,
  "T_accuracy": 9.043,
  "T_speed": 4.274,
  "V": 0.42000000000000004
 },
 "bl1t": {
  "mu_nd": 0.28800000000000003,
  "mu_r0": 0.15000000000000002,
  "mu_s": 0,
  "sigma_nd": 0,
  "sigma_r0": 0.060000000000000005,
  "sigma_s": 0.03,
  "T_accuracy": 8.518,
  "T_speed": 4.64,
  "V": 0.5
 },
 "hsft": {
  "mu_nd": 0.302,
  "mu_r0": 0.2,
  "mu_s": 0,
  "sigma_nd": 0,
  "sigma_r0": 0.08,
  "sigma_s": 0.14,
  "T_accuracy": 9.407,
  "T_speed": 6.521,
  "V": 0.65
 },
 "hsgt": {
  "mu_nd": 0.29500000000000004,
  "mu_r0": 0.19,
  "mu_s": 0,
  "sigma_nd": 0,
  "sigma_r0": 0.06999999999999999,
  "sigma_s": 0.17,
  "T_accuracy": 8.756,
  "T_speed": 7.3759999999999994,
  "V": 0.69
 },
 "kd6t": {
  "mu_nd": 0.334,
  "mu_r0": 0.19,
  "mu_s": 0,
  "sigma_nd": 0,
  "sigma_r0": 0.06999999999999999,
  "sigma_s": 0.18000000000000002,
  "T_accuracy": 6.5409999999999995,
  "T_speed": 5.362,
  "V": 0.44
 },
 "kd9t": {
  "mu_nd": 0.314,
  "mu_r0": 0.2,
  "mu_s": 0,
  "sigma_nd": 0,
  "sigma_r0": 0.09999999999999999,
  "sigma_s": 0.13,
  "T_accuracy": 8.122,
  "T_speed": 5.653,
  "V": 0.49
 },
 "kmat": {
  "mu_nd": 0.272,
  "mu_r0": 0.19,
  "mu_s": 0,
  "sigma_nd": 0,
  "sigma_r0": 0.09,
  "sigma_s": 0.06999999999999999,
  "T_accuracy": 9.551,
  "T_speed": 7.018,
  "V": 0.56
 },
 "ku4t": {
  "mu_nd": 0.276,
  "mu_r0": 0.17,
  "mu_s": 0,
  "sigma_nd": 0,
  "sigma_r0": 0.01,
  "sigma_s": 0.3,
  "T_accuracy": 5.7989999999999995,
  "T_speed": 4.723999999999999,
  "V": 0.44
 },
 "na1t": {
  "mu_nd": 0.29600000000000004,
  "mu_r0": 0.19,
  "mu_s": 0,
  "sigma_nd": 0,
  "sigma_r0": 0.04,
  "sigma_s": 0.09,
  "T_accuracy": 6.558,
  "T_speed": 5.234999999999999,
  "V": 0.61
 },
 "rmbt": {
  "mu_nd": 0.264,
  "mu_r0": 0.06999999999999999,
  "mu_s": 0,
  "sigma_nd": 0,
  "sigma_r0": 0.01,
  "sigma_s": 0.03,
  "T_accuracy": 9.995,
  "T_speed": 6.2749999999999995,
  "V": 0.49
 },
 "rt2t": {
  "mu_nd": 0.266,
  "mu_r0": 0.19,
  "mu_s": 0,
  "sigma_nd": 0,
  "sigma_r0": 0.09999999999999999,
  "sigma_s": 0.24000000000000002,
  "T_accuracy": 6.052,
  "T_speed": 4.144,
  "V": 0.46
 },
 "rt3t": {
  "mu_nd": 0.35000000000000003,
  "mu_r0": 0.19,
  "mu_s": 0,
  "sigma_nd": 0,
  "sigma_r0": 0.09999999999999999,
  "sigma_s": 0.29000000000000004,
  "T_accuracy": 8.276,
  "T_speed": 7.656,
  "V": 0.53
 },
 "rt5t": {
  "mu_nd": 0.21200000000000002,
  "mu_r0": 0.15000000000000002,
  "mu_s": 0,
  "sigma_nd": 0,
  "sigma_r0": 0.02,
  "sigma_s": 0.25,
  "T_accuracy": 9.37,
  "T_speed": 8.078,
  "V": 0.42000000000000004
 },
 "scat": {
  "mu_nd": 0.335,
  "mu_r0": 0.2,
  "mu_s": 0,
  "sigma_nd": 0,
  "sigma_r0": 0.02,
  "sigma_s": 0.17,
  "T_accuracy": 7.436,
  "T_speed": 7.077999999999999,
  "V": 0.64
 },
 "ta5t": {
  "mu_nd": 0.28300000000000003,
  "mu_r0": 0.2,
  "mu_s": 0,
  "sigma_nd": 0,
  "sigma_r0": 0.09,
  "sigma_s": 0.03,
  "T_accuracy": 9.632,
  "T_speed": 5.1819999999999995,
  "V": 0.46
 },
 "vf1t": {
  "mu_nd": 0.274,
  "mu_r0": 0.09,
  "mu_s": 0,
  "sigma_nd": 0,
  "sigma_r0": 0.02,
  "sigma_s": 0.16,
  "T_accuracy": 9.03,
  "T_speed": 4.733,
  "V": 0.5
 },
 "zk1t": {
  "mu_nd": 0.24000000000000002,
  "mu_r0": 0.16,
  "mu_s": 0,
  "sigma_nd": 0,
  "sigma_r0": 0.05,
  "sigma_s": 0.3,
  "T_accuracy": 9.383,
  "T_speed": 5.595,
  "V": 0.43000000000000005
 },
 "br4t": {
  "mu_nd": 0.35700000000000004,
  "mu_r0": 0.2,
  "mu_s": 0,
  "sigma_nd": 0,
  "sigma_r0": 0.08,
  "sigma_s": 0.26,
  "T_accuracy": 9.047,
  "T_speed": 7.391,
  "V": 0.5900000000000001
 },
 "he5t": {
  "mu_nd": 0.29500000000000004,
  "mu_r0": 0.04,
  "mu_s": 0,
  "sigma_nd": 0,
  "sigma_r0": 0.060000000000000005,
  "sigma_s": 0.17,
  "T_accuracy": 9.206999999999999,
  "T_speed": 8.717,
  "V": 0.56
 },
 "kf1t": {
  "mu_nd": 0.269,
  "mu_r0": 0.16,
  "mu_s": 0,
  "sigma_nd": 0,
  "sigma_r0": 0.02,
  "sigma_s": 0.3,
  "T_accuracy": 9.996,
  "T_speed": 7.4879999999999995,
  "V": 0.44
 },
 "kj1t": {
  "mu_nd": 0.164,
  "mu_r0": 0.060000000000000005,
  "mu_s": 0,
  "sigma_nd": 0,
  "sigma_r0": 0.03,
  "sigma_s": 0.3,
  "T_accuracy": 9.991999999999999,
  "T_speed": 6.391,
  "V": 0.41000000000000003
 },
 "km1t": {
  "mu_nd": 0.233,
  "mu_r0": 0.060000000000000005,
  "mu_s": 0,
  "sigma_nd": 0,
  "sigma_r0": 0.02,
  "sigma_s": 0.26,
  "T_accuracy": 9.398,
  "T_speed": 7.6129999999999995,
  "V": 0.4
 },
 "rw2t": {
  "mu_nd": 0.35500000000000004,
  "mu_r0": 0.05,
  "mu_s": 0,
  "sigma_nd": 0,
  "sigma_r0": 0.01,
  "sigma_s": 0.27,
  "T_accuracy": 9.802999999999999,
  "T_speed": 7.89,
  "V": 0.5
 },
 "sd9t": {
  "mu_nd": 0.387,
  "mu_r0": 0.060000000000000005,
  "mu_s": 0,
  "sigma_nd": 0,
  "sigma_r0": 0.02,
  "sigma_s": 0.15000000000000002,
  "T_accuracy": 9.571,
  "T_speed": 7.697,
  "V": 0.52
 },
 "si7t": {
  "mu_nd": 0.32,
  "mu_r0": 0.11,
  "mu_s": 0,
  "sigma_nd": 0,
  "sigma_r0": 0.02,
  "sigma_s": 0.09999999999999999,
  "T_accuracy": 9.669,
  "T_speed": 8.546,
  "V": 0.56
 },
 "su8t": {
  "mu_nd": 0.396,
  "mu_r0": 0.06999999999999999,
  "mu_s": 0,
  "sigma_nd": 0,
  "sigma_r0": 0.02,
  "sigma_s": 0.26,
  "T_accuracy": 9.27,
  "T_speed": 7.412999999999999,
  "V": 0.55
 },
 "sw7t": {
  "mu_nd": 0.18500000000000003,
  "mu_r0": 0.02,
  "mu_s": 0,
  "sigma_nd": 0,
  "sigma_r0": 0.05,
  "sigma_s": 0.17,
  "T_accuracy": 9.541,
  "T_speed": 6.523,
  "V": 0.4
 },
 "th8t": {
  "mu_nd": 0.197,
  "mu_r0": 0.06999999999999999,
  "mu_s": 0,
  "sigma_nd": 0,
  "sigma_r0": 0.02,
  "sigma_s": 0.2,
  "T_accuracy": 9.996,
  "T_speed": 6.294,
  "V": 0.42000000000000004
 },
 "vb8t": {
  "mu_nd": 0.315,
  "mu_r0": 0.15000000000000002,
  "mu_s": 0,
  "sigma_nd": 0,
  "sigma_r0": 0.02,
  "sigma_s": 0.2,
  "T_accuracy": 9.847,
  "T_speed": 6.97,
  "V": 0.43000000000000005
 },
 "vc7t": {
  "mu_nd": 0.374,
  "mu_r0": 0.18000000000000002,
  "mu_s": 0,
  "sigma_nd": 0,
  "sigma_r0": 0.04,
  "sigma_s": 0.03,
  "T_accuracy": 5.653,
  "T_speed": 5.866,
  "V": 0.48000000000000004
 }
}