{
 "as1t": {
  "coherence": 0.1,
  "dt_sample": 0.097,
  "e2": 0.24000000000000002,
  "ramp": 1.4100000000000001,
  "relative": 0.09,
  "sigma": 0.3,
  "speed": -0.010000000000000009,
  "threshold": 0.29000000000000004
 },
 "bd6t": {
  "coherence": 0.1,
  "dt_sample": 0.08700000000000001,
  "e2": 0.15000000000000002,
  "ramp": 1.33,
  "relative": 0.01,
  "sigma": 0.45,
  "speed": -0.010000000000000009,
  "threshold": 0.31
 },
 "bl1t": {
  "coherence": 0.1,
  "dt_sample": 0.085,
  "e2": 0.27,
  "ramp": 1.85,
  "relative": 0.15000000000000002,
  "sigma": 0.49,
  "speed": -0.010000000000000009,
  "threshold": 0.4
 },
 "hsft": {
  "coherence": 0.1,
  "dt_sample": 0.043000000000000003,
  "e2": 0.9,
  "ramp": 1.75,
  "relative": 0.04,
  "sigma": 0.45,
  "speed": -0.010000000000000009,
  "threshold": 0.35000000000000003
 },
 "hsgt": {
  "coherence": 0.1,
  "dt_sample": 0.078,
  "e2": 0.33,
  "ramp": 1.06,
  "relative": 0.05,
  "sigma": 0.38,
  "speed": -0.010000000000000009,
  "threshold": 0.2
 },
 "kd6t": {
  "coherence": 0.1,
  "dt_sample": 0.052000000000000005,
  "e2": 0.59,
  "ramp": 1.82,
  "relative": 0.14,
  "sigma": 0.46,
  "speed": -0.010000000000000009,
  "threshold": 0.39
 },
 "kd9t": {
  "coherence": 0.1,
  "dt_sample": 0.048,
  "e2": 0.29000000000000004,
  "ramp": 1.4500000000000002,
  "relative": 0.14,
  "sigma": 0.42000000000000004,
  "speed": -0.010000000000000009,
  "threshold": 0.29000000000000004
 },
 "kmat": {
  "coherence": 0.1,
  "dt_sample": 0.056,
  "e2": 0.98,
  "ramp": 1.97,
  "relative": 0.05,
  "sigma": 0.5800000000000001,
  "speed": -0.010000000000000009,
  "threshold": 0.4
 },
 "ku4t": {
  "coherence": 0.1,
  "dt_sample": 0.032,
  "e2": 0.04,
  "ramp": 1.85,
  "relative": 0.04,
  "sigma": 0.51,
  "speed": -0.010000000000000009,
  "threshold": 0.32
 },
 "na1t": {
  "coherence": 0.1,
  "dt_sample": 0.075,
  "e2": 0.54,
  "ramp": 1.92,
  "relative": 0.31,
  "sigma": 0.16,
  "speed": -0.010000000000000009,
  "threshold": 0.24000000000000002
 },
 "rmbt": {
  "coherence": 0.1,
  "dt_sample": 0.048,
  "e2": 0.04,
  "ramp": 1.87,
  "relative": 0.75,
  "sigma": 0.25,
  "speed": -0.010000000000000009,
  "threshold": 0.17
 },
 "rt2t": {
  "coherence": 0.1,
  "dt_sample": 0.092,
  "e2": 0.89,
  "ramp": 0.87,
  "relative": 0.7000000000000001,
  "sigma": 0.4,
  "speed": -0.05000000000000002,
  "threshold": 0.98
 },
 "rt3t": {
  "coherence": 0.1,
  "dt_sample": 0.049,
  "e2": 0.18000000000000002,
  "ramp": 1.58,
  "relative": 0.17,
  "sigma": 0.49,
  "speed": -0.010000000000000009,
  "threshold": 0.35000000000000003
 },
 "rt5t": {
  "coherence": 0.1,
  "dt_sample": 0.091,
  "e2": 0.34,
  "ramp": 2.0,
  "relative": 0.53,
  "sigma": 0.52,
  "speed": -0.010000000000000009,
  "threshold": 0.38
 },
 "scat": {
  "coherence": 0.1,
  "dt_sample": 0.096,
  "e2": 0.59,
  "ramp": 1.66,
  "relative": 0.13,
  "sigma": 0.31,
  "speed": -0.010000000000000009,
  "threshold": 0.31
 },
 "ta5t": {
  "coherence": 0.1,
  "dt_sample": 0.062,
  "e2": 0.34,
  "ramp": 1.99,
  "relative": 0.22,
  "sigma": 0.44,
  "speed": -0.010000000000000009,
  "threshold": 0.38
 },
 "vf1t": {
  "coherence": 0.1,
  "dt_sample": 0.098,
  "e2": 0.53,
  "ramp": 1.62,
  "relative": 0.06999999999999999,
  "sigma": 0.51,
  "speed": -0.010000000000000009,
  "threshold": 0.36000000000000004
 },
 "zk1t": {
  "coherence": 0.1,
  "dt_sample": 0.045,
  "e2": 0.59,
  "ramp": 1.57,
  "relative": 0.32,
  "sigma": 0.59,
  "speed": -0.010000000000000009,
  "threshold": 0.31
 }
}