{
 "as1t": {
  "coherence": 0.2,
  "dt_sample": 0.057,
  "nd_mean": 0.35200000000000004,
  "nd_sigma": 0.04,
  "sigma": 0.47000000000000003,
  "T_accuracy": 1.085,
  "T_speed": 0.712
 },
 "bd6t": {
  "coherence": 0.2,
  "dt_sample": 0.015,
  "nd_mean": 0.342,
  "nd_sigma": 0.045000000000000005,
  "sigma": 0.34,
  "T_accuracy": 1.08,
  "T_speed": 0.9359999999999999
 },
 "bl1t": {
  "coherence": 0.2,
  "dt_sample": 0.062,
  "nd_mean": 0.37,
  "nd_sigma": 0.041,
  "sigma": 0.38,
  "T_accuracy": 0.902,
  "T_speed": 0.662
 },
 "hsft": {
  "coherence": 0.2,
  "dt_sample": 0.030000000000000002,
  "nd_mean": 0.368,
  "nd_sigma": 0.064,
  "sigma": 0.5700000000000001,
  "T_accuracy": 1.31,
  "T_speed": 0.858
 },
 "hsgt": {
  "coherence": 0.2,
  "dt_sample": 0.058,
  "nd_mean": 0.374,
  "nd_sigma": 0.052000000000000005,
  "sigma": 0.49,
  "T_accuracy": 1.0170000000000001,
  "T_speed": 0.647
 },
 "kd6t": {
  "coherence": 0.2,
  "dt_sample": 0.067,
  "nd_mean": 0.393,
  "nd_sigma": 0.072,
  "sigma": 0.09999999999999999,
  "T_accuracy": 0.669,
  "T_speed": 0.14
 },
 "kd9t": {
  "coherence": 0.2,
  "dt_sample": 0.028,
  "nd_mean": 0.34700000000000003,
  "nd_sigma": 0.043000000000000003,
  "sigma": 0.29000000000000004,
  "T_accuracy": 0.964,
  "T_speed": 0.8089999999999999
 },
 "kmat": {
  "coherence": 0.2,
  "dt_sample": 0.034,
  "nd_mean": 0.37,
  "nd_sigma": 0.073,
  "sigma": 0.35000000000000003,
  "T_accuracy": 0.984,
  "T_speed": 0.5770000000000001
 },
 "ku4t": {
  "coherence": 0.2,
  "dt_sample": 0.018000000000000002,
  "nd_mean": 0.371,
  "nd_sigma": 0.059000000000000004,
  "sigma": 0.35000000000000003,
  "T_accuracy": 1.069,
  "T_speed": 0.828
 },
 "na1t": {
  "coherence": 0.2,
  "dt_sample": 0.054,
  "nd_mean": 0.369,
  "nd_sigma": 0.055,
  "sigma": 0.47000000000000003,
  "T_accuracy": 1.076,
  "T_speed": 0.752
 },
 "rmbt": {
  "coherence": 0.2,
  "dt_sample": 0.057,
  "nd_mean": 0.35600000000000004,
  "nd_sigma": 0.049,
  "sigma": 0.5800000000000001,
  "T_accuracy": 1.183,
  "T_speed": 0.74
 },
 "rt2t": {
  "coherence": 0.2,
  "dt_sample": 0.057,
  "nd_mean": 0.367,
  "nd_sigma": 0.053000000000000005,
  "sigma": 0.56,
  "T_accuracy": 1.173,
  "T_speed": 0.799
 },
 "rt3t": {
  "coherence": 0.2,
  "dt_sample": 0.057,
  "nd_mean": 0.368,
  "nd_sigma": 0.055,
  "sigma": 0.59,
  "T_accuracy": 1.193,
  "T_speed": 0.5680000000000001
 },
 "rt5t": {
  "coherence": 0.2,
  "dt_sample": 0.055,
  "nd_mean": 0.365,
  "nd_sigma": 0.065,
  "sigma": 0.6,
  "T_accuracy": 1.209,
  "T_speed": 0.6769999999999999
 },
 "scat": {
  "coherence": 0.2,
  "dt_sample": 0.054,
  "nd_mean": 0.35100000000000003,
  "nd_sigma": 0.045000000000000005,
  "sigma": 0.39,
  "T_accuracy": 0.951,
  "T_speed": 0.6829999999999999
 },
 "ta5t": {
  "coherence": 0.2,
  "dt_sample": 0.064,
  "nd_mean": 0.367,
  "nd_sigma": 0.052000000000000005,
  "sigma": 0.5800000000000001,
  "T_accuracy": 1.0250000000000001,
  "T_speed": 0.73
 },
 "vf1t": {
  "coherence": 0.2,
  "dt_sample": 0.036000000000000004,
  "nd_mean": 0.37,
  "nd_sigma": 0.06999999999999999,
  "sigma": 0.29000000000000004,
  "T_accuracy": 0.911,
  "T_speed": 0.669
 },
 "zk1t": {
  "coherence": 0.2,
  "dt_sample": 0.057,
  "nd_mean": 0.363,
  "nd_sigma": 0.060000000000000005,
  "sigma": 0.38,
  "T_accuracy": 0.942,
  "T_speed": 0.69
 }
}