{
 "2": {
  "E": 1.12,
  "R": 0.1,
  "S": 0.0
 },
 "3": {
  "E": 2.76,
  "R": 0.1,
  "S": 0.0
 },
 "4": {
  "E": 1.4900000000000002,
  "R": 0.1,
  "S": 0.0
 },
 "5": {
  "E": 2.12,
  "R": 0.1,
  "S": 0.0
 },
 "6": {
  "E": -1.17,
  "R": 0.1,
  "S": 0.0
 },
 "7": {
  "E": 0.33999999999999986,
  "R": 0.1,
  "S": 0.0
 },
 "8": {
  "E": -1.83,
  "R": 0.1,
  "S": 0.0
 },
 "9": {
  "E": -0.020000000000000018,
  "R": 0.1,
  "S": 0.0
 },
 "10": {
  "E": -1.8199999999999998,
  "R": 0.1,
  "S": 0.0
 },
 "11": {
  "E": -1.52,
  "R": 0.1,
  "S": 0.0
 },
 "12": {
  "E": 1.1500000000000004,
  "R": 0.1,
  "S": 0.0
 },
 "14": {
  "E": -2.25,
  "R": 0.1,
  "S": 0.0
 },
 "19": {
  "E": 1.4699999999999998,
  "R": 0.1,
  "S": 0.0
 },
 "20": {
  "E": -3.98,
  "R": 0.1,
  "S": 0.0
 },
 "21": {
  "E": -2.1399999999999997,
  "R": 0.1,
  "S": 0.0
 },
 "22": {
  "E": 0.7199999999999998,
  "R": 0.1,
  "S": 0.0
 },
 "23": {
  "E": -1.1999999999999997,
  "R": 0.1,
  "S": 0.0
 },
 "24": {
  "E": 0.4400000000000004,
  "R": 0.1,
  "S": 0.0
 },
 "25": {
  "E": 3.8,
  "R": 0.1,
  "S": 0.0
 },
 "26": {
  "E": 3.8100000000000005,
  "R": 0.1,
  "S": 0.0
 },
 "27": {
  "E": -3.82,
  "R": 0.1,
  "S": 0.0
 }
}