{
 "2": {
  "E": 0.0,
  "I": -0.12999999999999998,
  "L": 0.67,
  "R": 0.1,
  "S": 0.0,
  "T": -0.41999999999999993,
  "U": 1.22
 },
 "3": {
  "E": 0.0,
  "I": -0.010000000000000009,
  "L": 0.61,
  "R": 0.1,
  "S": 0.0,
  "T": -0.6099999999999999,
  "U": 0.08
 },
 "4": {
  "E": 0.0,
  "I": -0.27,
  "L": 0.7000000000000001,
  "R": 0.1,
  "S": 0.0,
  "T": -1.72,
  "U": 1.8800000000000001
 },
 "5": {
  "E": 0.0,
  "I": -0.15,
  "L": 0.18,
  "R": 0.1,
  "S": 0.0,
  "T": -1.1600000000000001,
  "U": 0.44
 },
 "6": {
  "E": 0.0,
  "I": -0.18,
  "L": 0.77,
  "R": 0.1,
  "S": 0.0,
  "T": -1.55,
  "U": 1.85
 },
 "7": {
  "E": 0.0,
  "I": -0.3,
  "L": 0.15,
  "R": 0.1,
  "S": 0.0,
  "T": -1.63,
  "U": 1.95
 },
 "8": {
  "E": 0.0,
  "I": -0.27,
  "L": 0.8,
  "R": 0.1,
  "S": 0.0,
  "T": -0.9299999999999999,
  "U": 0.12
 },
 "9": {
  "E": 0.0,
  "I": 0.13,
  "L": 0.38,
  "R": 0.1,
  "S": 0.0,
  "T": 0.94,
  "U": 1.42
 },
 "10": {
  "E": 0.0,
  "I": -0.19999999999999998,
  "L": 0.63,
  "R": 0.1,
  "S": 0.0,
  "T": 0.4900000000000002,
  "U": 0.23
 },
 "11": {
  "E": 0.0,
  "I": -0.12999999999999998,
  "L": 1.0,
  "R": 0.1,
  "S": 0.0,
  "T": -0.8999999999999999,
  "U": 0.8200000000000001
 },
 "12": {
  "E": 0.0,
  "I": -0.15,
  "L": 0.97,
  "R": 0.1,
  "S": 0.0,
  "T": -0.3699999999999999,
  "U": 0.05
 },
 "13": {
  "E": 0.0,
  "I": -0.02999999999999997,
  "L": 0.39,
  "R": 0.1,
  "S": 0.0,
  "T": 1.75,
  "U": 0.12
 },
 "14": {
  "E": 0.0,
  "I": 0.040000000000000036,
  "L": 0.5700000000000001,
  "R": 0.1,
  "S": 0.0,
  "T": -0.97,
  "U": 0.13
 },
 "19": {
  "E": 0.0,
  "I": -0.27,
  "L": 0.9400000000000001,
  "R": 0.1,
  "S": 0.0,
  "T": -1.0899999999999999,
  "U": 0.85
 },
 "20": {
  "E": 0.0,
  "I": 0.12,
  "L": 0.41000000000000003,
  "R": 0.1,
  "S": 0.0,
  "T": 0.04999999999999982,
  "U": 0.16
 },
 "21": {
  "E": 0.0,
  "I": 0.29,
  "L": 0.28,
  "R": 0.1,
  "S": 0.0,
  "T": -1.35,
  "U": 0.96
 },
 "22": {
  "E": 0.0,
  "I": 0.22000000000000003,
  "L": 0.84,
  "R": 0.1,
  "S": 0.0,
  "T": -1.8599999999999999,
  "U": 0.15
 },
 "23": {
  "E": 0.0,
  "I": 0.050000000000000044,
  "L": 0.76,
  "R": 0.1,
  "S": 0.0,
  "T": -0.8,
  "U": 1.19
 },
 "24": {
  "E": 0.0,
  "I": 0.010000000000000009,
  "L": 0.0,
  "R": 0.1,
  "S": 0.0,
  "T": -1.22,
  "U": 1.05
 },
 "25": {
  "E": 0.0,
  "I": 0.10000000000000003,
  "L": 0.22,
  "R": 0.1,
  "S": 0.0,
  "T": 0.43999999999999995,
  "U": 0.63
 },
 "26": {
  "E": 0.0,
  "I": -0.07999999999999999,
  "L": 0.43,
  "R": 0.1,
  "S": 0.0,
  "T": -0.3699999999999999,
  "U": 0.58
 },
 "27": {
  "E": 0.0,
  "I": 0.2,
  "L": 0.19,
  "R": 0.1,
  "S": 0.0,
  "T": 0.8500000000000001,
  "U": 1.6300000000000001
 },
 "30": {
  "E": 0.0,
  "I": -0.27999999999999997,
  "L": 0.92,
  "R": 0.1,
  "S": 0.0,
  "T": -0.32000000000000006,
  "U": 0.0
 },
 "31": {
  "E": 0.0,
  "I": 0.29,
  "L": 0.79,
  "R": 0.1,
  "S": 0.0,
  "T": -1.99,
  "U": 1.1500000000000001
 }
}