{
 "2": {
  "E": 0.8200000000000003,
  "R": 0.1,
  "S": 0.0
 },
 "3": {
  "E": 2.51,
  "R": 0.1,
  "S": 0.0
 },
 "4": {
  "E": 2.9400000000000004,
  "R": 0.1,
  "S": 0.0
 },
 "5": {
  "E": 0.9500000000000002,
  "R": 0.1,
  "S": 0.0
 },
 "6": {
  "E": -3.82,
  "R": 0.1,
  "S": 0.0
 },
 "7": {
  "E": -0.94,
  "R": 0.1,
  "S": 0.0
 },
 "8": {
  "E": -0.21999999999999975,
  "R": 0.1,
  "S": 0.0
 },
 "9": {
  "E": 0.7000000000000002,
  "R": 0.1,
  "S": 0.0
 },
 "10": {
  "E": 0.08999999999999986,
  "R": 0.1,
  "S": 0.0
 },
 "11": {
  "E": 3.3900000000000006,
  "R": 0.1,
  "S": 0.0
 },
 "12": {
  "E": 1.7700000000000005,
  "R": 0.1,
  "S": 0.0
 },
 "14": {
  "E": -3.7199999999999998,
  "R": 0.1,
  "S": 0.0
 },
 "19": {
  "E": 1.9800000000000004,
  "R": 0.1,
  "S": 0.0
 },
 "20": {
  "E": -4.0,
  "R": 0.1,
  "S": 0.0
 },
 "21": {
  "E": 2.9800000000000004,
  "R": 0.1,
  "S": 0.0
 },
 "22": {
  "E": 0.5,
  "R": 0.1,
  "S": 0.0
 },
 "23": {
  "E": -3.68,
  "R": 0.1,
  "S": 0.0
 },
 "24": {
  "E": -0.16000000000000014,
  "R": 0.1,
  "S": 0.0
 },
 "25": {
  "E": -4.0,
  "R": 0.1,
  "S": 0.0
 },
 "26": {
  "E": -2.23,
  "R": 0.1,
  "S": 0.0
 },
 "27": {
  "E": -0.8300000000000001,
  "R": 0.1,
  "S": 0.0
 }
}