{
 "2": {
  "E": 0.0,
  "I": 0.0,
  "L": 0.0,
  "R": 0.1,
  "S": 0.0,
  "T": -0.48999999999999977,
  "U": 1.41
 },
 "3": {
  "E": 0.0,
  "I": 0.0,
  "L": 0.77,
  "R": 0.1,
  "S": 0.0,
  "T": -0.6000000000000001,
  "U": 0.09
 },
 "4": {
  "E": 0.0,
  "I": 0.0,
  "L": 0.87,
  "R": 0.1,
  "S": 0.0,
  "T": -0.69,
  "U": 0.08
 },
 "5": {
  "E": 0.0,
  "I": 0.0,
  "L": 0.29,
  "R": 0.1,
  "S": 0.0,
  "T": -2.68,
  "U": 0.9400000000000001
 },
 "6": {
  "E": 0.0,
  "I": 0.0,
  "L": 0.03,
  "R": 0.1,
  "S": 0.0,
  "T": -1.51,
  "U": 1.37
 },
 "7": {
  "E": 0.0,
  "I": 0.0,
  "L": 0.98,
  "R": 0.1,
  "S": 0.0,
  "T": -0.3900000000000001,
  "U": 0.04
 },
 "8": {
  "E": 0.0,
  "I": 0.0,
  "L": 0.9500000000000001,
  "R": 0.1,
  "S": 0.0,
  "T": -1.04,
  "U": 0.2
 },
 "9": {
  "E": 0.0,
  "I": 0.0,
  "L": 0.32,
  "R": 0.1,
  "S": 0.0,
  "T": 0.9500000000000002,
  "U": 1.03
 },
 "10": {
  "E": 0.0,
  "I": 0.0,
  "L": 0.76,
  "R": 0.1,
  "S": 0.0,
  "T": 0.48,
  "U": 0.46
 },
 "11": {
  "E": 0.0,
  "I": 0.0,
  "L": 0.08,
  "R": 0.1,
  "S": 0.0,
  "T": -1.91,
  "U": 1.59
 },
 "12": {
  "E": 0.0,
  "I": 0.0,
  "L": 0.98,
  "R": 0.1,
  "S": 0.0,
  "T": -0.3799999999999999,
  "U": 0.04
 },
 "13": {
  "E": 0.0,
  "I": 0.0,
  "L": 0.68,
  "R": 0.1,
  "S": 0.0,
  "T": 2.76,
  "U": 0.76
 },
 "14": {
  "E": 0.0,
  "I": 0.0,
  "L": 0.86,
  "R": 0.1,
  "S": 0.0,
  "T": -1.27,
  "U": 0.38
 },
 "19": {
  "E": 0.0,
  "I": 0.0,
  "L": 0.81,
  "R": 0.1,
  "S": 0.0,
  "T": -0.1200000000000001,
  "U": 0.0
 },
 "20": {
  "E": 0.0,
  "I": 0.0,
  "L": 0.59,
  "R": 0.1,
  "S": 0.0,
  "T": -0.56,
  "U": 1.31
 },
 "21": {
  "E": 0.0,
  "I": 0.0,
  "L": 0.81,
  "R": 0.1,
  "S": 0.0,
  "T": -1.1199999999999999,
  "U": 1.11
 },
 "22": {
  "E": 0.0,
  "I": 0.0,
  "L": 0.35000000000000003,
  "R": 0.1,
  "S": 0.0,
  "T": -2.83,
  "U": 0.75
 },
 "23": {
  "E": 0.0,
  "I": 0.0,
  "L": 0.1,
  "R": 0.1,
  "S": 0.0,
  "T": -1.1199999999999999,
  "U": 1.82
 },
 "24": {
  "E": 0.0,
  "I": 0.0,
  "L": 0.3,
  "R": 0.1,
  "S": 0.0,
  "T": -1.98,
  "U": 1.93
 },
 "25": {
  "E": 0.0,
  "I": 0.0,
  "L": 0.39,
  "R": 0.1,
  "S": 0.0,
  "T": 0.79,
  "U": 0.97
 },
 "26": {
  "E": 0.0,
  "I": 0.0,
  "L": 0.79,
  "R": 0.1,
  "S": 0.0,
  "T": -0.8700000000000001,
  "U": 1.48
 },
 "27": {
  "E": 0.0,
  "I": 0.0,
  "L": 0.03,
  "R": 0.1,
  "S": 0.0,
  "T": 0.9300000000000002,
  "U": 0.98
 },
 "30": {
  "E": 0.0,
  "I": 0.0,
  "L": 0.98,
  "R": 0.1,
  "S": 0.0,
  "T": -0.31000000000000005,
  "U": 0.0
 },
 "31": {
  "E": 0.0,
  "I": 0.0,
  "L": 0.89,
  "R": 0.1,
  "S": 0.0,
  "T": -2.11,
  "U": 2.0
 }
}