{
 "2": {
  "E": 4.0,
  "R": 0.1,
  "S": 0.0
 },
 "3": {
  "E": -2.25,
  "R": 0.1,
  "S": 0.0
 },
 "5": {
  "E": 3.4400000000000004,
  "R": 0.1,
  "S": 0.0
 },
 "6": {
  "E": -3.82,
  "R": 0.1,
  "S": 0.0
 },
 "7": {
  "E": -1.2199999999999998,
  "R": 0.1,
  "S": 0.0
 },
 "8": {
  "E": 1.63,
  "R": 0.1,
  "S": 0.0
 },
 "9": {
  "E": -0.2799999999999998,
  "R": 0.1,
  "S": 0.0
 },
 "10": {
  "E": 0.009999999999999787,
  "R": 0.1,
  "S": 0.0
 },
 "11": {
  "E": 1.04,
  "R": 0.1,
  "S": 0.0
 },
 "12": {
  "E": -2.06,
  "R": 0.1,
  "S": 0.0
 },
 "14": {
  "E": -0.8500000000000001,
  "R": 0.1,
  "S": 0.0
 },
 "19": {
  "E": -0.2599999999999998,
  "R": 0.1,
  "S": 0.0
 },
 "20": {
  "E": 1.2000000000000002,
  "R": 0.1,
  "S": 0.0
 },
 "21": {
  "E": -3.5,
  "R": 0.1,
  "S": 0.0
 },
 "22": {
  "E": 2.8900000000000006,
  "R": 0.1,
  "S": 0.0
 },
 "23": {
  "E": -3.13,
  "R": 0.1,
  "S": 0.0
 },
 "24": {
  "E": -0.25,
  "R": 0.1,
  "S": 0.0
 },
 "26": {
  "E": -0.6000000000000001,
  "R": 0.1,
  "S": 0.0
 },
 "27": {
  "E": 1.6900000000000004,
  "R": 0.1,
  "S": 0.0
 }
}